,name,Morgan radius 2 tanimoto similarity average,Morgan radius 2 tanimoto similarity std,Morgan radius 2 tanimoto similarity max,Morgan radius 2 tanimoto similarity median,Morgan radius 2 tanimoto similarity percentile 80,Morgan radius 2 tanimoto similarity percentile 90,Morgan radius 2 tanimoto similarity percentile 95,Morgan radius 3 tanimoto similarity average,Morgan radius 3 tanimoto similarity std,Morgan radius 3 tanimoto similarity max,Morgan radius 3 tanimoto similarity median,Morgan radius 3 tanimoto similarity percentile 80,Morgan radius 3 tanimoto similarity percentile 90,Morgan radius 3 tanimoto similarity percentile 95,Morgan radius 4 tanimoto similarity average,Morgan radius 4 tanimoto similarity std,Morgan radius 4 tanimoto similarity max,Morgan radius 4 tanimoto similarity median,Morgan radius 4 tanimoto similarity percentile 80,Morgan radius 4 tanimoto similarity percentile 90,Morgan radius 4 tanimoto similarity percentile 95,custom fingerprint tanimoto similarity average,custom fingerprint tanimoto similarity std,custom fingerprint tanimoto similarity max,custom fingerprint tanimoto similarity median
sm11-1,sm11-1,0.17481730413075125,0.04668876941609229,0.3103448275862069,0.16472868217054265,0.21666666666666667,0.2361111111111111,0.2671605603448275,0.14252816643201466,0.03712596256472083,0.24,0.13089675122385402,0.17559759827801066,0.19222222222222218,0.21395833333333325,0.13267254227385705,0.03679446303499047,0.24050632911392406,0.12092343140730238,0.16668331668331673,0.18501792917974003,0.20058252427184464,0.4128431369698193,0.11003635568155859,0.75,0.3934468524251806
sm11-2,sm11-2,0.22174798108925298,0.0761574230254427,0.4576271186440678,0.21806526806526805,0.28843650463924664,0.315556831228473,0.33949999999999997,0.17958037943247496,0.06361966610593675,0.4189189189189189,0.1771031701579478,0.23187830687830688,0.2624879149210441,0.28162118780096307,0.16560445387879455,0.05667832782379644,0.3780487804878049,0.16417112299465242,0.20913978494623658,0.23570478723404253,0.25216450216450215,0.46169255877972126,0.08771478760989591,0.782608695652174,0.44281045751633985
sm11-3,sm11-3,0.19817910426265703,0.07284146468598936,0.6153846153846154,0.19478852806606406,0.2485507246376812,0.2678117485400206,0.2970149253731342,0.16080404633207135,0.06263290106458616,0.5873015873015873,0.15765107212475632,0.19591792888602427,0.21277056277056278,0.23106572481572477,0.14729154530357957,0.057085240723184945,0.5428571428571428,0.14456738086875073,0.1783805031446541,0.19417262231995602,0.2108692885325187,0.4067809374425022,0.07803018814210985,0.6521739130434783,0.39379699248120303
sm11-4,sm11-4,0.09959246925060873,0.037828149765785246,0.25,0.09549006838163465,0.12619047619047621,0.14363636363636362,0.15627705627705624,0.08337202309911886,0.031136962242981247,0.20512820512820512,0.08108108108108109,0.10465116279069768,0.12080905423576871,0.1288509316770186,0.07895526184894462,0.02913770544767191,0.18681318681318682,0.07613871635610767,0.09901989901989902,0.11600408788962698,0.1258152173913043,0.30879551657350346,0.09465642626018975,0.5714285714285714,0.2838827838827839
sm11-5,sm11-5,0.16387341064271052,0.057313527362295565,0.46511627906976744,0.1512292738707833,0.19427860696517413,0.2164349376114082,0.22957393483709262,0.13550662775296507,0.048217121275519095,0.38461538461538464,0.12658227848101267,0.16270499355076473,0.1766939687267312,0.19134615384615383,0.12710047131519162,0.04526087194501196,0.35714285714285715,0.11861471861471862,0.15662337662337664,0.16839080459770114,0.1788690476190476,0.29160812152918264,0.08157618070456361,0.6086956521739131,0.274294670846395
sm11-6,sm11-6,0.17844005835821627,0.06272698542264461,0.5384615384615384,0.16455696202531644,0.21190476190476196,0.2571428571428571,0.28583333333333316,0.14294216402209406,0.05004409377222198,0.42028985507246375,0.12832274758880263,0.17456521739130434,0.20490636704119847,0.2313390313390313,0.13240971096075257,0.04650761107631668,0.38666666666666666,0.11952380952380952,0.1591578947368421,0.18584415584415584,0.21790713554114033,0.3521513322586775,0.10984951919457796,1.0,0.3333333333333333
sm11-7,sm11-7,0.16393967640789694,0.04124496186019308,0.3103448275862069,0.15881374722838137,0.18880763116057234,0.22418458117123796,0.2544444444444444,0.13357383754412225,0.03236605045292509,0.2465753424657534,0.12701662943658476,0.15229813664596276,0.17724358974358975,0.2026793431287813,0.12345716979753066,0.029680692669922945,0.22784810126582278,0.11787864752200092,0.1407697057007615,0.16089108910891087,0.18596725288053365,0.4026769977560986,0.09719093967087136,0.7727272727272727,0.3786764705882353
sm11-8,sm11-8,0.2298219078225055,0.07672691522589198,0.4117647058823529,0.23923192771084337,0.29822926374650516,0.3233064516129032,0.34407894736842093,0.18782691741847565,0.06233612052471364,0.31868131868131866,0.1935448336638026,0.2377025036818851,0.26484794275491946,0.28363534466654206,0.1709440896628146,0.0549993095643424,0.297029702970297,0.17543859649122806,0.21882465360726233,0.2382684426229508,0.25278128950695317,0.368290842017733,0.08548003948795448,0.5833333333333334,0.3699248120300752
sm11-9,sm11-9,0.15195159165720487,0.04748290379662993,0.3235294117647059,0.1421832884097035,0.18947960618846696,0.21352272727272725,0.23367088607594902,0.12784243594114578,0.04066894082497164,0.3,0.12053001277139208,0.15505955359823842,0.17740923352756607,0.2018913720461621,0.11722826172846357,0.03660809891698213,0.26666666666666666,0.10980561023622047,0.14115409931982742,0.16246728971962615,0.17784743991640525,0.38439026376577207,0.10193992522641167,0.75,0.3732142857142857
sm11-10,sm11-10,0.13905409798722218,0.05038430041196914,0.28169014084507044,0.13333333333333333,0.1825864276568502,0.21165413533834584,0.23620689655172408,0.11452798985292933,0.04093040401395752,0.22727272727272727,0.1077458843393837,0.15018107384663834,0.17521802325581395,0.18891205082390308,0.10755868717191024,0.038103858145124264,0.20833333333333334,0.10300618921308577,0.13990672884743505,0.1627198302001213,0.1820102432778489,0.31743062224355,0.083788847258321,0.5666666666666667,0.3042929292929293
sm11-11,sm11-11,0.194953710794778,0.04827870489119408,0.3194444444444444,0.1962451861360719,0.23377568493150686,0.25136363636363634,0.2624245038826575,0.15289135044608693,0.036535127870864055,0.24489795918367346,0.15598315592466955,0.18359683794466405,0.1980281690140845,0.20270270270270271,0.1435474904494744,0.03546110112604127,0.24050632911392406,0.14606741573033707,0.17321743512219703,0.18611491108071135,0.19223447785091619,0.39015264784928383,0.1179719729666448,0.75,0.38095238095238093
sm11-12,sm11-12,0.1518924234053546,0.05043790929744499,0.30357142857142855,0.14185110663983902,0.19688128772635816,0.212822966507177,0.26436217662801065,0.1267843747043901,0.03916505554163187,0.2361111111111111,0.11861646690984887,0.15789473684210525,0.17991858887381273,0.20799086757990853,0.11960677081998607,0.037473642742288836,0.2236842105263158,0.11251758087201125,0.14783625730994152,0.1719107551487414,0.1971633629528365,0.35402586256136453,0.08950624840786685,0.68,0.3333333333333333
sm11-13,sm11-13,0.1663443337836274,0.04484408542144401,0.30158730158730157,0.16666666666666666,0.19226006191950465,0.22405462184873945,0.2588686820973075,0.13498583543290546,0.03649673140246776,0.24390243902439024,0.13333333333333333,0.1571271205111258,0.17551768079006053,0.20590753424657532,0.12517835585734718,0.033319757581522495,0.2222222222222222,0.125,0.14546253570643816,0.1623514783089251,0.19023855890944497,0.44866813830202873,0.10104485282558956,0.7391304347826086,0.4530791788856305
sm11-14,sm11-14,0.1043259499540009,0.050665483951789464,0.3488372093023256,0.09807626245276538,0.1305602716468591,0.1568627450980392,0.16689528270324505,0.085357710616304,0.0396744030822117,0.2727272727272727,0.07865168539325842,0.10762613730355666,0.1268825910931174,0.13821254971277058,0.08098173495739187,0.03857996705641487,0.25862068965517243,0.07317073170731707,0.10127360562143171,0.11849751948972359,0.1329039812646369,0.3400524743789459,0.09733284758841976,0.7,0.3333333333333333
sm11-15,sm11-15,0.20442302308505053,0.04894162527524179,0.36,0.20662287903667215,0.2463768115942029,0.25545454545454543,0.2727272727272727,0.16334258157410173,0.03832326771100856,0.28125,0.16585760517799353,0.1917472598323662,0.2071652485445589,0.22306610407876223,0.15257917391908749,0.0358357714176303,0.2727272727272727,0.15463917525773196,0.17911111111111114,0.19283449587824986,0.21316137566137566,0.3796859500243731,0.06375452411285952,0.56,0.37142857142857144
sm11-16,sm11-16,0.16152138040840253,0.034270420542035746,0.25,0.15515873015873016,0.18996138996138998,0.2058734939759036,0.22533866995073884,0.13097342507860096,0.027084133492467716,0.2054794520547945,0.12778327560613556,0.1509127281820455,0.1672364672364672,0.17883465174609295,0.12207628116876687,0.025282150683620167,0.19480519480519481,0.12121212121212122,0.14092295957284515,0.15458357600465927,0.16883116883116883,0.3241959879018287,0.08574624519172187,0.6666666666666666,0.30662393162393164
sm11-17,sm11-17,0.19649962356779604,0.05769402170085332,0.3194444444444444,0.19360583446404342,0.24876543209876545,0.26941563369592714,0.29711986940298507,0.15716282503913995,0.04391434014378206,0.25806451612903225,0.15459297983569828,0.1978021978021978,0.21278280542986425,0.22988565488565488,0.14611576186706227,0.04107628501934237,0.24,0.1443612286985781,0.18392081120231774,0.19538178955654684,0.21621503496503494,0.4471594548652504,0.09608915096244049,0.782608695652174,0.42045454545454547
sm11-18,sm11-18,0.13312180627612097,0.052046227994788634,0.3877551020408163,0.1282051282051282,0.15625504439063767,0.1849257708412638,0.20689655172413793,0.10718509783454887,0.039778655543933936,0.30303030303030304,0.10714285714285714,0.12755598831548198,0.1468016464567805,0.1593710532962869,0.10228733518641238,0.038127311353065484,0.2857142857142857,0.0982310372554275,0.12003284072249591,0.14574609895710813,0.15219084712755598,0.4052187029399482,0.12039138785454524,0.7307692307692307,0.39379699248120303
sm11-19,sm11-19,0.1724695148274037,0.03253021970303614,0.2537313432835821,0.1728395061728395,0.19878787878787882,0.2239577972207926,0.22969735182849937,0.13970157400045594,0.02486567679466492,0.2073170731707317,0.14102564102564102,0.1600562023283822,0.1719107551487414,0.1787087912087912,0.1317272204522403,0.02474708688950582,0.19318181818181818,0.1315906315906316,0.15324862143370896,0.1637381454162276,0.1692207792207792,0.3954022833938367,0.1206803742886208,0.76,0.3973684210526316
sm11-20,sm11-20,0.16908644487914795,0.05770022762053288,0.5384615384615384,0.15584415584415584,0.20674318507890962,0.22432088285229201,0.26616586538461534,0.13575827116924666,0.045250133122574435,0.42028985507246375,0.1267172167707404,0.16666666666666666,0.17951847704367302,0.2135518292682926,0.1260621719059419,0.042115530633813535,0.38666666666666666,0.11628814147018031,0.15572871572871572,0.16470443652451763,0.19870507399577161,0.35215133225867745,0.10984951919457796,1.0,0.3333333333333333
sm11-21,sm11-21,0.13215249597079223,0.04550716756975955,0.3116883116883117,0.11733416770963705,0.16091954022988506,0.2027472527472527,0.2242224880382775,0.1096093715578159,0.03671432448398032,0.24742268041237114,0.09893226559893226,0.13157894736842105,0.17391304347826086,0.1836217948717948,0.09850635737742211,0.03263903986529768,0.22522522522522523,0.08866213151927438,0.11997136721546173,0.15429424943988052,0.16153395784543315,0.39296588129762805,0.11107056311147237,0.7941176470588235,0.39473684210526316
sm11-22,sm11-22,0.18670625075730352,0.05110065027832525,0.36,0.18544973544973545,0.2309337134711333,0.2551981471950592,0.2705415499533146,0.15103696508581108,0.04083997286496731,0.28125,0.15047021943573669,0.18622680412371137,0.2073170731707317,0.21409195402298847,0.1433955308280507,0.03938566708679613,0.2727272727272727,0.14213564213564212,0.1773376888525929,0.19286726499763815,0.20567765567765564,0.30248306181857376,0.08412957115151595,0.5833333333333334,0.2777777777777778
sm11-23,sm11-23,0.13180986031600106,0.045049576018798526,0.2545454545454545,0.1232876712328767,0.17016404647983596,0.20101694915254237,0.22247097844112768,0.10995734321828768,0.03605098362324085,0.2037037037037037,0.10169816138917262,0.1387167175905718,0.1658940987698342,0.17967783036039311,0.10414904946449068,0.03509365516895679,0.2,0.09380554568076786,0.13151807228915666,0.15698011599005796,0.17417743830787308,0.37624676936638574,0.10109643888560624,0.7307692307692307,0.3611111111111111
sm11-24,sm11-24,0.194803922780409,0.05105417017083515,0.4050632911392405,0.1906926406926407,0.23376399655469424,0.25322783672001437,0.26929559204840103,0.155144602214177,0.04004964807867753,0.32075471698113206,0.15022123893805311,0.1858442601016859,0.20575190575190574,0.2156712004730927,0.14364327077912317,0.03691114975878737,0.29914529914529914,0.14031993437243642,0.17034976152623213,0.1897834140780849,0.20257096774193542,0.4096686173014895,0.0895568118600222,0.6486486486486487,0.4246212121212121
sm11-25,sm11-25,0.14350718646590477,0.03391725526990043,0.22972972972972974,0.1385933806146572,0.17433333333333334,0.18352272727272725,0.2053113553113553,0.11549638566598261,0.026144313353402688,0.17346938775510204,0.1153733635632268,0.1371474617244158,0.1503488372093023,0.16045868575146388,0.10597675648326839,0.023757264731251004,0.1651376146788991,0.10483870967741936,0.12659574468085108,0.13986918045402078,0.14505500550055,0.46093168582354554,0.08203826889173536,0.7058823529411765,0.4650406504065041
sm11-26,sm11-26,0.1667781099342369,0.05465937713342105,0.3877551020408163,0.16213235294117648,0.19224543572369665,0.22887989203778678,0.27299465240641707,0.1332739756061365,0.040756155105863896,0.30303030303030304,0.13131313131313133,0.15530516431924882,0.1757547546216252,0.20139534883720922,0.12540672388128848,0.03880081113188307,0.2857142857142857,0.12135372415746248,0.1456362033499853,0.1673160173160173,0.1946256038647343,0.44069831904229917,0.10881252033684154,0.7391304347826086,0.44281045751633985
sm11-27,sm11-27,0.20702097575769834,0.07640111959953602,0.6153846153846154,0.2,0.2595478595478595,0.27922830867652937,0.3241803278688524,0.16898601470352098,0.06542739508066078,0.5873015873015873,0.16366758241758242,0.20429864253393668,0.22876288659793811,0.24907339851160065,0.1553204262196596,0.059671430317725954,0.5428571428571428,0.15,0.18518863530507687,0.2103030303030303,0.23726067746686302,0.4171152582430158,0.08161677427811909,0.6666666666666666,0.4
sm11-28,sm11-28,0.15049445729013847,0.03920288985733069,0.2459016393442623,0.14174107142857142,0.18761974944731027,0.20471054369359454,0.21949013157894734,0.12230885622334439,0.03030045779106351,0.19736842105263158,0.1149933882616214,0.1521880650994575,0.16488812392426846,0.17284038393174544,0.11491319964297708,0.028712378942435984,0.18518518518518517,0.10889328063241106,0.14285714285714285,0.15352012516000568,0.16129032258064516,0.3616879146609826,0.12185830364407481,0.76,0.35599078341013823
sm11-29,sm11-29,0.17651530167035218,0.04204240726731653,0.3116883116883117,0.16869918699186992,0.2115658657829329,0.23032700421940924,0.2571428571428571,0.14397572241054146,0.032273542030118216,0.24742268041237114,0.13861386138613863,0.16755162241887908,0.18544008483563093,0.2036906677393403,0.13242942433962937,0.02941738807876101,0.22522522522522523,0.12745098039215685,0.15613532110091743,0.16991279069767443,0.18556701030927836,0.44702240392153125,0.0891692583185863,0.7941176470588235,0.43902439024390244
sm11-30,sm11-30,0.1927281185351205,0.04471190649890791,0.3023255813953488,0.18795289855072464,0.23168005038576603,0.25070093457943926,0.26125541125541113,0.1507638172942293,0.03254118015456615,0.22413793103448276,0.14881882925134618,0.17699115044247787,0.19480676328502416,0.20244108581087797,0.13669810272021893,0.029817301381022746,0.19696969696969696,0.13476800976800976,0.1636226851851852,0.1761968480523342,0.18328373015873012,0.3622844202569146,0.08143067838448004,0.6666666666666666,0.3559577677224736
sm11-31,sm11-31,0.19209724289414776,0.053189367239168915,0.38461538461538464,0.1962451861360719,0.23377568493150686,0.2511194029850746,0.26740740740740737,0.15245051125130818,0.040326636244718064,0.28735632183908044,0.15306122448979592,0.18359683794466405,0.2006060606060606,0.21333333333333335,0.1424892019103449,0.036722550058708545,0.2631578947368421,0.1415511771581232,0.16992452830188678,0.18684399712437094,0.19867046533713192,0.3767775981779249,0.09074238547213916,0.7241379310344828,0.37228260869565216
sm11-32,sm11-32,0.20504273046487415,0.057158512319796725,0.4305555555555556,0.20316063864450962,0.23529411764705882,0.27236024844720497,0.2928022269353128,0.16946484832692468,0.05099180048277146,0.4111111111111111,0.16369798234552332,0.18996138996138998,0.224948347107438,0.24763215377894277,0.15372487443074534,0.044107133145680114,0.3557692307692308,0.15086108576642338,0.1737693136902623,0.2018738140417457,0.22641509433962265,0.40665852931925134,0.08272831436244162,0.5945945945945946,0.41025641025641024
sm11-33,sm11-33,0.130601733878725,0.02965227965421299,0.2125,0.12678320273256982,0.155478324492409,0.17002403846153846,0.18223776223776222,0.10392527220906782,0.02348867312461252,0.16981132075471697,0.1,0.12235827664399093,0.1344429795649308,0.1464583333333333,0.09657552753250337,0.022535560781855268,0.1619047619047619,0.09238318754000427,0.11438737341483443,0.1268778401496926,0.13585164835164829,0.367602507999139,0.11260579069118828,0.7037037037037037,0.35805860805860806
sm11-34,sm11-34,0.1879612301317874,0.061753577633509124,0.46511627906976744,0.17297802711547453,0.22714285714285717,0.2732620320855615,0.2995659722222221,0.15510079311245517,0.05319232997495432,0.38461538461538464,0.14185110663983902,0.1825864276568502,0.2254884143571104,0.2445221445221444,0.14242066414014326,0.04900628921727931,0.35714285714285715,0.13182553880228298,0.16666666666666666,0.20949948927477016,0.2260320543953375,0.323115512207529,0.10369943687989133,0.65,0.3090277777777778
sm11-35,sm11-35,0.20722548014092865,0.07617406503788189,0.4576271186440678,0.20443464128163455,0.2841046277665996,0.31629072681704257,0.3279072745901639,0.16971436246530028,0.06338056983731924,0.4189189189189189,0.16414835164835165,0.2199879007864489,0.2590985485103132,0.26687285223367696,0.1565753140425405,0.057667852997275434,0.3780487804878049,0.15707236842105263,0.2,0.23840579710144927,0.25,0.37369640766082596,0.10137237905778894,0.7727272727272727,0.3438423645320197
sm6-1,sm6-1,0.14158208314024415,0.03255352258072594,0.26229508196721313,0.13498329790464622,0.17037037037037042,0.18629629629629627,0.20088235294117643,0.1112360303603874,0.024408476033512427,0.20481927710843373,0.10966772029912883,0.12985185185185186,0.14285714285714285,0.15299435028248587,0.09919438220712985,0.022084261018580003,0.17894736842105263,0.09788763066202091,0.11484480431848854,0.12919261104192611,0.14116586538461534,0.35448877345748697,0.0630147768685625,0.53125,0.3506756756756757
sm6-3,sm6-3,0.20326618161069696,0.05842181858929241,0.3614457831325301,0.2076564739608218,0.25281732992576367,0.274645390070922,0.2935438596491228,0.16450859830989611,0.04789727949581066,0.2857142857142857,0.17027151403589508,0.2067825591336563,0.21951219512195122,0.23232626956853755,0.14772328178521035,0.04165501563090423,0.25,0.15209345362017118,0.18368244274809162,0.19845982369034348,0.2084469696969697,0.4582161079897135,0.09247399844830613,0.6285714285714286,0.4494949494949495
sm6-4,sm6-4,0.20147931837509658,0.0856140825939873,0.6923076923076923,0.1847967479674797,0.2558439945348404,0.288466637207247,0.34629329004328996,0.15932878041487977,0.07512274749032191,0.6705882352941176,0.14414414414414414,0.19857142857142862,0.21821305841924396,0.28254072733256536,0.14613702168892018,0.07039760710419127,0.648936170212766,0.1324094172649858,0.17817444219066939,0.19900709219858156,0.2524075275794938,0.4646242681003241,0.13589890907688904,0.9629629629629629,0.43902439024390244
sm6-5,sm6-5,0.18311730271039783,0.04811970463350809,0.3058823529411765,0.18752424046541694,0.21348314606741572,0.23210526315789473,0.26247987117552324,0.14731961783752184,0.03840915787231152,0.24561403508771928,0.14960629921259844,0.16998480243161096,0.1850221347761928,0.21204250295159374,0.13567103696159508,0.03494073350396899,0.224,0.13637253462536095,0.15795615476123037,0.17043098745226404,0.19563307030129123,0.41267394640441657,0.07676330200933597,0.5789473684210527,0.4176356589147287
sm6-6,sm6-6,0.18576268200963605,0.05169461061638282,0.3194444444444444,0.17445652173913043,0.23759590792838878,0.2633314054366686,0.2733844468784227,0.1453587060119769,0.03772652978261366,0.24489795918367346,0.14026889654041647,0.18049568965517243,0.19729940782195615,0.20940697674418604,0.1343385532471543,0.03446369162809094,0.22641509433962265,0.13027011156782148,0.16511627906976747,0.18181818181818182,0.1932017543859649,0.4296607590388697,0.1093363572665463,0.6363636363636364,0.44315245478036175
sm6-7,sm6-7,0.21878340711164426,0.09440761066719681,0.6923076923076923,0.2044232649071359,0.27708860759493675,0.3395928541753219,0.36229220680189106,0.1755680945569964,0.08184302337876419,0.6705882352941176,0.16678864168618268,0.216169987656498,0.2718817905258583,0.2893180266302491,0.1610819452358361,0.07607916828594458,0.648936170212766,0.152,0.20880904085772242,0.25,0.25943117458753995,0.46525127855867343,0.1316426118604071,0.9629629629629629,0.44281045751633985
sm6-8,sm6-8,0.22842755715330818,0.05851296811733579,0.3924050632911392,0.2296703296703297,0.2816068866571019,0.30292174796747967,0.3231409168081494,0.18383347392622318,0.04479517106075412,0.32038834951456313,0.18221343873517787,0.22036241045090604,0.24213963963963964,0.25877761413843875,0.16821058960529975,0.041261706310309704,0.2956521739130435,0.16594202898550725,0.20180451127819551,0.2209207459207459,0.2398301193755739,0.4537825039472732,0.07140408311166317,0.7333333333333333,0.4523809523809524
sm6-9,sm6-9,0.21240816755885542,0.09264328473603108,0.7619047619047619,0.19527511961722488,0.2679569892473118,0.31717116125481565,0.3460497835497835,0.16823214552931218,0.07948658592845775,0.7142857142857143,0.1531942633637549,0.2067825591336563,0.24517461878996552,0.2667158018867923,0.15505804883248958,0.07374374520550055,0.6847826086956522,0.14121899538825877,0.18800429513729103,0.22648720505151212,0.24162635058861462,0.47293205045350745,0.12997185151294569,0.8484848484848485,0.45
sm6-10,sm6-10,0.19978949495185966,0.07089348302589331,0.38823529411764707,0.18385471898197242,0.27375939849624065,0.29069767441860467,0.32683650615901455,0.16167431033330548,0.0541946682488869,0.3017241379310345,0.15450849963045085,0.21098050458715598,0.23640696228760877,0.2541083099906629,0.14628377533057907,0.0478111341730677,0.2748091603053435,0.14068287037037036,0.18869654935228705,0.20862403100775195,0.22410809529453596,0.4153982934632801,0.10042435034315478,0.64,0.4090909090909091
sm6-11,sm6-11,0.19272094966816744,0.0611181318791173,0.40298507462686567,0.18095008826833575,0.24345114345114346,0.2664253048780488,0.2886969696969697,0.15357704824473875,0.04841582173033816,0.3333333333333333,0.14863759103183044,0.18898521162672108,0.21014799154334038,0.23338870431893682,0.1413192700222067,0.044382869962459257,0.31313131313131315,0.13660394961903283,0.17250829978102708,0.19513633014001475,0.21755571793934964,0.398286128884953,0.11834538432180905,0.6857142857142857,0.38675213675213677
sm6-12,sm6-12,0.21053406402712466,0.09560127585956173,0.7619047619047619,0.20101010101010103,0.27460815047021947,0.31937321937321933,0.3628547297297297,0.1662747024028546,0.08188669396472391,0.7142857142857143,0.15859338612016766,0.20933333333333334,0.2399719495091164,0.2756060606060606,0.15489603749486708,0.07575952081714898,0.6847826086956522,0.1466709346991037,0.1925194071983063,0.22406335668595798,0.2509297520661156,0.46974155265658984,0.1268160005814341,0.8484848484848485,0.4473684210526316
sm6-13,sm6-13,0.16808038952775278,0.06667681582596008,0.48148148148148145,0.1543040293040293,0.18978947368421054,0.2439655172413793,0.2712561041779705,0.13703810452545528,0.052941023573719985,0.39090909090909093,0.125,0.15607017543859653,0.19738317757009344,0.21966950959488252,0.12372194655149153,0.0458794168833727,0.3412698412698413,0.1138804457953394,0.1451105216622458,0.17555737074764557,0.19287280701754375,0.45316364115276975,0.11905285363875207,0.8108108108108109,0.43478260869565216
sm6-14,sm6-14,0.21390091594339541,0.07824083622281841,0.5666666666666667,0.19585281073954214,0.2922790697674419,0.30535117056856187,0.3471666666666666,0.17030742261951812,0.059816887025265116,0.42857142857142855,0.1534536891679749,0.22346832814122536,0.24412971674507056,0.26379846568525817,0.1566271419582771,0.05440560273012742,0.3829787234042553,0.1429614086305994,0.20203389830508478,0.22569444444444442,0.24121900826446271,0.4351818313211842,0.11806829726195281,0.7741935483870968,0.4148056244830438
sm6-15,sm6-15,0.20784795675759682,0.07582557000673923,0.5666666666666667,0.20509171410499683,0.25955204216073785,0.290830144244922,0.3243421052631579,0.16314309802663998,0.058055107139437186,0.42857142857142855,0.16035353535353536,0.20374602629091848,0.22860025488530158,0.2538063696579257,0.15337607815775914,0.052475117373865655,0.3829787234042553,0.14771881973716838,0.19590592334494775,0.21664073137521883,0.23688279978296253,0.42796475810412343,0.11586249849415106,0.7741935483870968,0.42264957264957265
sm6-16,sm6-16,0.17728686244835284,0.0505693357686624,0.4027777777777778,0.17213403880070546,0.21904761904761907,0.24064358700625285,0.24769206696917534,0.14114963973592362,0.039613281634211246,0.3157894736842105,0.13738656987295828,0.17571906354515054,0.18919968919968919,0.19657957718388508,0.12934933087019215,0.03562531642769827,0.2857142857142857,0.12875037503750375,0.15933333333333335,0.17250783699059563,0.17905844155844153,0.38454855012474193,0.09049452864245866,0.6666666666666666,0.36753246753246754
sm6-17,sm6-17,0.197227924581063,0.06354109316467686,0.3373493975903614,0.20112359550561798,0.2603595890410959,0.27366771159874603,0.2968518518518518,0.15984099381925174,0.05073420760311522,0.2692307692307692,0.16309674577391114,0.2041905778726812,0.2224977043158861,0.23494257588187037,0.1438556471784866,0.04429114282396886,0.23622047244094488,0.1457837470248215,0.1822924901185771,0.1964028776978417,0.21355769230769228,0.4212745205609359,0.1095531010933945,0.6944444444444444,0.40858505564387915
sm6-18,sm6-18,0.18220200757704344,0.05385299484539191,0.3392857142857143,0.17623529411764705,0.22679841897233202,0.2571154461144867,0.2727272727272727,0.14403980012605416,0.041546918928287574,0.2549019607843137,0.13719544076126738,0.1821867321867322,0.2029090909090909,0.21789146202275314,0.131379111978959,0.03743529816150305,0.22598870056497175,0.1258069890457745,0.16232426704344757,0.18212987012987014,0.1991542288557214,0.38577457883311883,0.10151388159262828,0.6607142857142857,0.3832167832167832
sm6-19me,sm6-19me,0.1697605858999244,0.03870694386536221,0.2967032967032967,0.16666666666666666,0.2,0.22199810156620786,0.2332623340598375,0.13671930935827512,0.02848907635428021,0.2231404958677686,0.13513513513513514,0.15973460797602912,0.17469010434904406,0.18495411448562585,0.1254233790554964,0.025824634779109023,0.2196969696969697,0.12351920545650352,0.1481871876419809,0.1559535951045385,0.16383949002942136,0.40879354805141044,0.09135988323238974,0.7647058823529411,0.4078309078309078
sm6-20,sm6-20,0.16569889054338055,0.04435966688790299,0.2872340425531915,0.16483516483516483,0.2009677419354839,0.22257683215130022,0.2422075471698112,0.13753804545961346,0.0350179045980889,0.22764227642276422,0.1335680751173709,0.1679166434501588,0.18833333333333332,0.1965369059656218,0.12638437649602213,0.031167920049329372,0.20437956204379562,0.12365107913669066,0.1529143897996357,0.16918663946965834,0.18369597839135654,0.40180022867003035,0.08502001299722017,0.7647058823529411,0.40724815724815727
sm6-21,sm6-21,0.1643397947083843,0.054977485207835845,0.31868131868131866,0.15590277777777778,0.20943521594684386,0.2442307692307692,0.2736842105263158,0.12954158605208824,0.041801478317644435,0.24193548387096775,0.12360970677451971,0.1610599078341014,0.1914878532942622,0.21741676234213542,0.1198642083528816,0.03736836102947758,0.22794117647058823,0.11333333333333333,0.1457758925415341,0.17193496801705757,0.1923793859649122,0.4495595709369305,0.11592738915332204,0.7714285714285715,0.44590643274853803
sm6-22,sm6-22,0.15578547203510687,0.042327889162059505,0.2727272727272727,0.15034246575342464,0.19377510040160645,0.2071652485445589,0.21854278074866307,0.12184213354621132,0.031251002788945915,0.21,0.1188235294117647,0.14807729845793483,0.16288060212110844,0.16913106973347933,0.11401290064949213,0.029511176161228322,0.19444444444444445,0.1111111111111111,0.13672187321530554,0.15224748127098942,0.16086620926243564,0.37849586099477983,0.09552318694100936,0.7391304347826086,0.36626016260162597
sm6-23me,sm6-23me,0.15787725411084597,0.04050312886412694,0.2608695652173913,0.15514157973174367,0.19097308488612838,0.21142323617764067,0.23065223970944299,0.12808725615876115,0.031515238533625374,0.20300751879699247,0.12687234518220433,0.1542145593869732,0.1658273381294964,0.18476686683150825,0.11491230239667044,0.02796273759495799,0.18421052631578946,0.11219405594405595,0.13994405594405596,0.1484550849191733,0.16498716067498165,0.3635845525605919,0.088436458449699,0.68,0.34615384615384615
sm6-24,sm6-24,0.14904315778519062,0.04746655489107749,0.3157894736842105,0.14093015557762328,0.17942857142857144,0.2041415465268676,0.2442567567567567,0.12066742958089735,0.03738031861565105,0.26666666666666666,0.11230817742274543,0.1415954415954416,0.16697722567287784,0.19322884012539185,0.10982823257120261,0.032550334993863415,0.2318840579710145,0.10155065210797695,0.1310310559006211,0.1469848484848485,0.17289098380468937,0.38517232745897356,0.10509581213095168,0.6875,0.3761792452830189
sm7-25,sm7-25,0.21628404430934448,0.1089813084428664,0.5584415584415584,0.19574036511156187,0.3030696416497634,0.3410256410256409,0.43902439024390244,0.17969311869028545,0.09616573212569227,0.5051546391752577,0.16100230414746544,0.26408668730650153,0.30051724137931035,0.3644859813084112,0.1629040714045571,0.08385128278561817,0.44144144144144143,0.1477590558701139,0.23782154083007262,0.26754694332504503,0.3170731707317073,0.39153391504205415,0.10614815238887007,0.7619047619047619,0.375
sm7-26,sm7-26,0.20905448089845444,0.09984941629703367,0.4915254237288136,0.1837719298245614,0.275343198431093,0.3611688311688311,0.4173626373626373,0.17626020320448285,0.09321855805727106,0.4583333333333333,0.1545138888888889,0.23357303370786522,0.3269349845201237,0.39002959066250203,0.16091797485346748,0.08282945538625461,0.4074074074074074,0.14152202937249664,0.20670175438596497,0.2938578883982335,0.35237299465240646,0.35077272807421006,0.10124892308626036,0.7619047619047619,0.3224789915966387
sm7-27,sm7-27,0.20161589894438306,0.12464745820344635,0.6491228070175439,0.16848018923713778,0.23927203065134103,0.40311250217353484,0.48724232707283555,0.17227818212926801,0.11134194891707075,0.5633802816901409,0.13748313090418351,0.21291005291005305,0.3563332195288493,0.43373964681981547,0.15652887367094612,0.09831000580299037,0.5,0.12835643564356436,0.19137622262019566,0.31886689170696086,0.3902146464646464,0.41913366532132795,0.17076024019735495,1.0,0.3647450110864745
sm7-29,sm7-29,0.2171280431999914,0.1603038542864033,0.7678571428571429,0.16640230713770726,0.23927203065134103,0.45664335664335665,0.6223684210526313,0.19013780228269672,0.1520780752402116,0.7313432835820896,0.13552873261611126,0.20034620045006063,0.4273460246360582,0.5656202273884269,0.1762099823949487,0.14057042181495763,0.6891891891891891,0.12608827314709667,0.18862585796330023,0.3959615384615384,0.5116422210581453,0.41913366532132795,0.17076024019735495,1.0,0.3647450110864745
sm7-30,sm7-30,0.22057985448830986,0.14703454406933955,0.7777777777777778,0.178015350877193,0.27415921668795235,0.4464902186421173,0.49727974727974666,0.18863451182325114,0.139580137180226,0.7415730337078652,0.1443627450980392,0.2256571261682243,0.4088965253913707,0.44939956950266174,0.17310007406679045,0.12685021373398941,0.6732673267326733,0.13295365278868815,0.2035263592404765,0.36998712998712996,0.411265721166711,0.42782755432782105,0.15660792006804303,0.9629629629629629,0.39811320754716983
sm7-31,sm7-31,0.2121682914098027,0.15922098886323438,0.7678571428571429,0.16080808080808082,0.24354315379623642,0.4197154471544715,0.5785572249226688,0.1855796376510735,0.15211544886883588,0.7313432835820896,0.13264745150396606,0.20091198303287394,0.39468354430379743,0.5404269662921347,0.1716555113585673,0.1392715852760673,0.6891891891891891,0.1255252100840336,0.18940077319587642,0.36479311169576656,0.5051965437507606,0.4340104096272185,0.157960288403451,0.9565217391304348,0.38461538461538464
sm7-32,sm7-32,0.21155074497705742,0.1546092916976043,0.7678571428571429,0.1664614437432661,0.23894523326572015,0.45664335664335665,0.5622294372294371,0.18440493435938185,0.1481627993608913,0.7313432835820896,0.1345318532818533,0.21158730158730163,0.4273460246360582,0.533898734177215,0.1703178763195853,0.13721356419450742,0.6891891891891891,0.12393037372924742,0.19863247863247865,0.3959615384615384,0.4960185569865669,0.4132129047240548,0.16787454266770022,0.9545454545454546,0.358974358974359
sm7-34,sm7-34,0.20703558045031636,0.15474553212791997,0.7678571428571429,0.15933268858800775,0.23945249597423526,0.4197154471544715,0.5564835164835163,0.18021117217306223,0.1485678764366975,0.7313432835820896,0.12832274758880263,0.2022663500971294,0.3945098039215686,0.5287948717948716,0.16647525180888714,0.1359526536947787,0.6891891891891891,0.12123153451914381,0.18911637931034497,0.36479311169576656,0.4910198935275986,0.42813099425034007,0.1557617272272782,0.9565217391304348,0.375
sm7-35,sm7-35,0.20692695515565718,0.15824840200168794,0.7758620689655172,0.15384615384615385,0.2222222222222222,0.4586881472957422,0.5763752665245198,0.17973535177390387,0.1523691090845866,0.7428571428571429,0.12837528604118992,0.18784979669935425,0.4307837328305951,0.5564534883720927,0.16690999262402156,0.1415162228615936,0.7012987012987013,0.12108993157380255,0.18014278159703873,0.39527972027972025,0.5183433014354063,0.4233109628050025,0.17284115085819252,0.9545454545454546,0.3675438596491228
sm7-36,sm7-36,0.2119392301561792,0.14681885941430076,0.7777777777777778,0.16580756013745704,0.26536918138041743,0.4332632464255676,0.46800920598388873,0.18092723797764046,0.13935173954417196,0.7415730337078652,0.13706685610545427,0.22384373596766954,0.3959615384615384,0.43298925637244534,0.16635580241496858,0.12756893124974497,0.6732673267326733,0.1248839655919302,0.19977487397836835,0.3664629847238543,0.3977048494983276,0.43155977797108275,0.1579644115208278,0.9629629629629629,0.4078309078309078
sm7-37,sm7-37,0.2027081102435216,0.1577058551242487,0.7758620689655172,0.149468085106383,0.22878883956880178,0.424519368723099,0.5587692307692305,0.1759754797210624,0.15084935671287167,0.7428571428571429,0.125,0.19179487179487198,0.3959615384615384,0.5299470457079151,0.16288726637828335,0.13878823361614695,0.7012987012987013,0.11822947000582411,0.18356234096692123,0.36617848970251715,0.4930574555403554,0.4384210209209682,0.15984331058412632,0.9565217391304348,0.38585607940446653
sm7-38,sm7-38,0.20295709686008867,0.1553996101850925,0.7833333333333333,0.15026881720430108,0.21739130434782608,0.44512658227848095,0.5583333333333325,0.17767476585338282,0.1492345261203504,0.75,0.1271551724137931,0.1935328185328186,0.41717687074829934,0.5259659090909083,0.16523924150097372,0.13893252468357586,0.7088607594936709,0.11681547619047619,0.1771583430120016,0.38742138364779877,0.4911626575028629,0.4131327599016992,0.1649765383798333,0.9130434782608695,0.35599078341013823
sm7-39,sm7-39,0.2095295606770512,0.1463837617263589,0.76,0.1622034296452901,0.2599961442066706,0.42793126239259743,0.47773089545241393,0.18015976325354702,0.13932024446646674,0.7252747252747253,0.13536895674300253,0.2192399863060596,0.39215686274509803,0.45063207928802573,0.16531082181695622,0.12753721442972887,0.6601941747572816,0.12293853073463268,0.198740157480315,0.36283185840707965,0.4109820996613449,0.4226241731651879,0.15385797869177312,0.9285714285714286,0.3951219512195122
sm7-40,sm7-40,0.20027310315937613,0.15734833906336498,0.7833333333333333,0.14608739837398374,0.22365069739235924,0.4187254901960784,0.5716999418491953,0.1755192552973778,0.1509730023538577,0.75,0.12301387137452711,0.19610963748894786,0.3927790346907994,0.5520744680851063,0.16234361812646925,0.13910274404288187,0.7088607594936709,0.11453051232732994,0.1805665349143611,0.36142687710975274,0.5139860139860138,0.4278572631608403,0.15337650713036147,0.9166666666666666,0.3761792452830189
sm7-41,sm7-41,0.22485168266664993,0.1006588742687102,0.7592592592592593,0.22008547008547008,0.2665384615384616,0.3194053208137715,0.3565217391304346,0.18507504738547617,0.09430392708765253,0.7313432835820896,0.17085858585858588,0.22346832814122536,0.27028578407425496,0.3042937399678972,0.17018157356323332,0.08732555169800368,0.6842105263157895,0.1559244126659857,0.2125235404896422,0.25252525252525254,0.2816561477325852,0.4880344304405948,0.09911923101720645,0.8695652173913043,0.4861003861003861
sm7-42,sm7-42,0.21913073374596873,0.10724828124614907,0.6060606060606061,0.206353653070372,0.27906976744186046,0.3294239750908147,0.4404121110176618,0.17912692228610907,0.09650479962578462,0.5783132530120482,0.16159754224270353,0.22168917556944168,0.2720833333333333,0.37820332080200497,0.16218801001436525,0.08758771077950607,0.5425531914893617,0.1452046300124018,0.1967454607742378,0.25063025210084033,0.34349390919158346,0.48140337784104104,0.11511623772752459,0.8125,0.47947454844006565
sm7-43,sm7-43,0.2194842361108799,0.10116774566841488,0.7592592592592593,0.20881782945736435,0.2665384615384616,0.30360681114551086,0.3972602739726027,0.181874299980298,0.09432521128207033,0.7313432835820896,0.16247412008281575,0.2222222222222222,0.2655874190564292,0.32608695652173914,0.16513490664757716,0.08652223967804697,0.6842105263157895,0.14892623716153128,0.20781818181818187,0.24515353311135774,0.30097087378640774,0.5007321963068933,0.10057022941387325,0.8695652173913043,0.4852813852813853
sm7-44,sm7-44,0.21027580663886608,0.10075914092339593,0.7592592592592593,0.19900990099009902,0.2585858585858586,0.31033509700176365,0.3333333333333333,0.1732084280667215,0.09297008566368116,0.7313432835820896,0.1570648343904158,0.21334052499101042,0.25622931285581885,0.27906976744186046,0.15791345276372087,0.08582718360774408,0.6842105263157895,0.14394765539803706,0.19159574468085108,0.23178260869565212,0.25263157894736843,0.4661724919964997,0.11234364019803587,0.896551724137931,0.4511904761904762
sm7-45,sm7-45,0.20946514699963573,0.10799091494789259,0.6060606060606061,0.19680464778503992,0.2667848280751507,0.32628048780487806,0.4404121110176618,0.1716635032027729,0.09637540159328127,0.5783132530120482,0.15408357075023743,0.20360387643852212,0.2589190981432361,0.37820332080200497,0.1538821802303369,0.08715327963023752,0.5425531914893617,0.13813664596273292,0.18012820512820513,0.2288717816017596,0.3315444711538461,0.4642103951593882,0.13087175852015004,0.84375,0.43902439024390244
sm7-46,sm7-46,0.20585070924773005,0.10190091329276382,0.7592592592592593,0.18743970673355198,0.2476744186046512,0.29148837209302325,0.3770466118292205,0.17019680880191984,0.09342830743534943,0.7313432835820896,0.15170385746410656,0.20762766645119587,0.2404768041237113,0.30463936208771286,0.15430074918360281,0.08591151729901651,0.6842105263157895,0.13630648878955087,0.18879566283722732,0.22231800766283522,0.2696693121693121,0.4613913575164541,0.11093835894576788,0.896551724137931,0.45222154595252584
sm8-1,sm8-1,0.20968322183964974,0.06329936354256226,0.38461538461538464,0.2126761717469682,0.25842696629213485,0.27604430379746836,0.31960470085470083,0.16620538945912633,0.04779452927181607,0.30097087378640774,0.16893678591029287,0.19863247863247865,0.22610575324243432,0.2465686274509803,0.15443687607249487,0.043409563046216584,0.2767857142857143,0.15721610039791858,0.18536470588235296,0.20922077922077922,0.22626287001286996,0.335148191789737,0.09039508262628908,0.75,0.3157894736842105
sm8-2,sm8-2,0.18705608304564977,0.06611279926844583,0.37735849056603776,0.17387596899224805,0.23730158730158732,0.27613122171945703,0.3013235294117646,0.15612691905794554,0.05299599828009238,0.3333333333333333,0.14893617021276595,0.19230769230769232,0.22320261437908495,0.2479518072289156,0.1428212626263974,0.04801815337163674,0.3,0.1356837606837607,0.17773109243697482,0.20247608831679628,0.2265508684863523,0.3464197708020109,0.10315814061448272,0.65,0.3235294117647059
sm8-3,sm8-3,0.17079450480434985,0.042689073423674666,0.3375,0.16911618669314796,0.20454545454545456,0.21255050505050505,0.23124497991967857,0.13944278800589072,0.03398459636981469,0.27450980392156865,0.13821138211382114,0.16194376194376195,0.17272727272727273,0.19144736842105262,0.12719947748090638,0.03059172973594237,0.24561403508771928,0.12543706293706294,0.14836817015034837,0.1629120473022912,0.16990649350649345,0.4017172842128747,0.0856528067059898,0.7272727272727273,0.3994288045695634
sm8-4,sm8-4,0.15784316642698323,0.04459834405672794,0.2911392405063291,0.14918072878454391,0.19572921399363927,0.2193587662337662,0.23890056758461214,0.1315182067081994,0.033443455122342265,0.22772277227722773,0.125,0.15866043613707165,0.17701880530973452,0.19609195402298848,0.1205097106766104,0.030160155110073163,0.20535714285714285,0.1155165840640488,0.1417412935323383,0.16462758982428533,0.18144079555966694,0.44575092922412757,0.08467059600615842,0.6470588235294118,0.4246212121212121
sm8-5,sm8-5,0.21418923471302553,0.06661162036920674,0.4027777777777778,0.21951219512195122,0.26436781609195403,0.2884056019391328,0.3241552956465235,0.16971238434544333,0.05002292610929315,0.3157894736842105,0.17453460407945132,0.20512726940972542,0.22449103003426726,0.24968102073365206,0.15577991039659506,0.045415671652341054,0.2857142857142857,0.15959192409217376,0.18574953271028039,0.20437956204379562,0.22721818181818165,0.3598254553502318,0.09755580161186218,0.75,0.35135135135135137
sm8-6,sm8-6,0.1975220017139328,0.04379628091283465,0.3375,0.18903903903903904,0.2357843137254902,0.2538109345542688,0.2669678714859437,0.1562284985376094,0.03348557268804528,0.27450980392156865,0.153189479802383,0.18618331053351572,0.19659556130144365,0.20723117532647944,0.14504967029713986,0.030014486919375215,0.24561403508771928,0.14285714285714285,0.1717171717171717,0.1774467054263566,0.1906326312576311,0.4378132168642587,0.08646121979598279,0.7272727272727273,0.43050193050193053
sm8-7,sm8-7,0.1372681862909999,0.09347419857937819,0.7903225806451613,0.12043956043956044,0.14374079528718703,0.1657516711705305,0.1806766917293232,0.11255712208908174,0.08716244654744885,0.7160493827160493,0.0967741935483871,0.11590163934426231,0.1301304347826087,0.143559718969555,0.10489864011085206,0.08215349124692473,0.6666666666666666,0.0931782945736434,0.10921865536038766,0.12152173913043478,0.1333105100992809,0.44034667731811383,0.11172681021853077,0.9444444444444444,0.4358974358974359
sm8-8,sm8-8,0.14457586483399454,0.03260465711337816,0.27848101265822783,0.1454598883338231,0.17073170731707318,0.18181818181818182,0.18566827697262475,0.11996252694372872,0.02758092793912164,0.22772277227722773,0.11956299775372678,0.14374079528718703,0.15016129032258063,0.15740740740740738,0.11053819494602948,0.026069075318550457,0.20909090909090908,0.10891557859065085,0.1308411214953271,0.1404778761061947,0.14767441860465114,0.3194471915219768,0.09441546450677624,0.5428571428571428,0.3333333333333333
sm8-9,sm8-9,0.1319126210555491,0.08102405714830432,0.7142857142857143,0.11366305624429074,0.1438095238095238,0.1590056428244624,0.17295700276590384,0.10859694996667527,0.07694828975307633,0.6790123456790124,0.09454139178548628,0.11314191960623463,0.12767722473604826,0.13890824622531936,0.10089477079195663,0.07390293622755208,0.6666666666666666,0.09000900090009001,0.10653923541247486,0.11613372093023255,0.12505058453237394,0.43111841426460834,0.10358016520084298,0.8055555555555556,0.4131994261119082
sm8-10,sm8-10,0.1771162535156096,0.05706971577436533,0.3047619047619048,0.18019480519480519,0.22708528584817245,0.25443381180223285,0.2627777777777778,0.14298897031457158,0.04314871494079188,0.2318840579710145,0.1483983983983984,0.1825864276568502,0.19844483568075116,0.20603448275862069,0.130088902766218,0.03778205461667709,0.21794871794871795,0.13499339747217506,0.16668737381580992,0.1787037037037037,0.18407329673877945,0.3685215479627954,0.10452392646569748,0.6363636363636364,0.35599078341013823
sm8-12,sm8-12,0.15973132810710153,0.044516849015868235,0.4050632911392405,0.14775828460038987,0.18240469208211146,0.2101190476190476,0.24471341728180632,0.12820957269142436,0.03516460728211464,0.32075471698113206,0.12054334554334555,0.1456818181818182,0.16612971088537598,0.19538121759170346,0.1197619914390693,0.03159712330455638,0.29914529914529914,0.11363636363636363,0.13645128205128207,0.15163329820864066,0.1757707811308421,0.46025227016241665,0.10254852853529711,0.75,0.47368421052631576
sm8-14,sm8-14,0.12019158009981372,0.04221633771683744,0.27472527472527475,0.1116780045351474,0.14833333333333337,0.17183203270159791,0.19304136874361583,0.1039042223416659,0.03323366014617201,0.22608695652173913,0.09852455833818677,0.12412280701754387,0.14445706768715616,0.17117117117117117,0.09498878493782771,0.029757469666689317,0.1984732824427481,0.09167308635058477,0.11405835543766582,0.13188161824599512,0.1525648470770421,0.3670192658971258,0.07979202804990904,0.5609756097560976,0.35424710424710426
