,compn,exp. pKa,pKa predicted by models:8-9,pKa predicted by models:8-2,pKa predicted by models:8-3,pKa predicted by models:8-8,pKa predicted by models:9-2,pKa predicted by models:8-5,pKa predicted by models:9-3,pKa predicted by models:9-9,pKa predicted by models:8-4,pKa predicted by models:9-8,pKa predicted by models:10-2,pKa predicted by models:8-7,pKa predicted by models:8-6,pKa predicted by models:9-5,pKa predicted by models:10-3,pKa predicted by models:10-9,pKa predicted by models:10-8,pKa predicted by models:9-4,pKa predicted by models:9-7,pKa predicted by models:10-5,pKa predicted by models:9-6,pKa predicted by models:10-4,pKa predicted by models:10-7,pKa predicted by models:8-0,pKa predicted by models:10-6,pKa predicted by models:9-0,pKa predicted by models:8-1,pKa predicted by models:10-0,pKa predicted by models:9-1,pKa predicted by models:10-1,consensus,std. dev.
0,sm11-1_neut->an,3.61,4.747301,3.8000474,3.942391,4.1425867,4.46805,3.954265,3.9287019,4.1195197,3.408535,3.9796991,4.1341324,4.129916,3.584262,4.335087,3.9134946,4.6997685,4.6087327,3.648878,4.4348955,3.8868809,3.940187,3.9322796,4.5600605,4.1022987,3.7560287,4.398391,3.2474532,4.4115386,3.6772904,3.7232747,4.039546669990786,0.3722792304308125
1,sm11-2_neut->an,2.91,3.7825837,3.367322,3.0183516,2.992712,3.4968224,3.3079648,3.3082504,4.3554964,2.9227505,2.9343405,3.7462564,3.8245425,3.1139479,3.4343007,2.802628,4.102982,2.809804,3.3826756,3.9759617,3.4872794,2.92029,3.6196232,4.446401,3.1268926,3.046657,3.4313107,4.1798773,3.062622,4.261732,4.0155287,3.457674423648465,0.4859036814012841
2,sm11-3_cation->neut,5.02,6.1670895,5.2165227,5.892941,6.562319,5.3590155,6.2836885,5.860948,6.4731197,5.727419,5.628302,5.1037107,5.9734282,5.183114,5.573217,5.754891,6.7843313,4.9846916,5.263226,5.3654766,5.0852118,5.9564533,5.762396,5.3473415,6.936767,5.635909,5.6095047,5.580723,6.4375057,5.560937,5.1169763,5.7163605234699855,0.523982874757615
3,sm11-4_cation->neut,6.1,5.532589,6.1452117,5.098621,5.8138504,5.6285334,5.7753315,5.194758,4.6599383,6.4428496,5.672299,6.141236,5.6740503,5.5188503,5.4915614,5.530495,5.7426505,5.525318,6.902071,6.2028437,6.180202,6.1165705,6.5924354,5.989588,7.3859105,5.957479,7.650157,5.956522,7.2267237,5.480969,5.4263487,5.959869787769933,0.6504073854058419
4,sm11-5_cation->neut,8.99,9.960838,9.294333,9.982395,10.027074,9.183546,9.305252,9.49055,9.49374,10.419347,9.5404625,9.414395,9.432288,9.752438,9.453187,9.883334,9.71928,9.062514,10.451158,9.43296,8.91484,10.147992,10.053876,9.394927,9.30128,10.15033,9.489463,9.61762,9.084363,9.690685,9.304361,9.594800956479965,0.3979397913265347
5,sm11-6_neut->an,4.24,4.7498183,4.460287,4.507374,4.1791935,4.538429,4.1406364,4.4349775,4.317352,4.167403,4.925756,4.6743965,4.2994847,4.0768814,4.803867,4.260041,4.629644,4.687749,5.1036506,4.7163916,4.7759466,4.545389,4.7203608,5.0076413,4.288682,4.3090625,4.245984,4.626089,4.48199,4.7314324,4.981864,4.536379806149391,0.2752444918187012
6,sm11-7_cation->neut,4.58,4.6262913,5.389905,5.1066065,4.8631816,5.516118,3.9730594,5.4600534,5.1593904,4.8265543,4.4010277,5.629893,4.757437,5.333971,4.7674828,4.9754353,5.1449776,4.2743893,4.8742437,5.0670295,4.495883,5.708958,4.8299313,5.2067833,4.232212,5.4245048,4.4607573,4.7474003,4.7709594,5.0280266,4.453384,4.905995056090815,0.4275029368538854
7,sm11-8_neut->an,8.5,9.245779,8.174348,8.735639,9.374175,8.175929,8.93342,8.64179,9.333694,8.682209,8.979525,8.465849,9.068449,8.0623665,8.601098,8.790114,8.999544,8.847656,8.839979,8.809892,7.987576,8.151211,9.275894,9.030206,8.767255,8.060653,8.862124,8.227276,8.524536,8.429354,7.910971,8.660919743199502,0.4108400413347605
8,sm11-9_neut->an,4.4,3.5535707,4.7828417,4.331721,5.9404044,4.24295,4.754173,4.2731338,3.5895152,4.583894,6.267588,4.3101234,4.4760237,3.9398537,4.698887,3.6013918,3.8483424,6.3099327,5.665109,5.3115315,4.940798,4.2727704,5.075748,4.4500403,4.3956504,4.3317327,4.324569,4.5683675,4.8909936,4.8189154,5.347803,4.6547862914300735,0.6963167657133043
9,sm11-10_neut->an,4.65,5.0911465,4.8548074,5.004192,5.4987164,4.7421007,5.2553053,5.234427,4.8957653,6.198457,5.5973306,4.657276,5.22874,5.0758142,5.7867646,4.7267213,5.297372,5.9721627,6.4376073,5.4054084,5.359823,5.143715,6.711523,5.48475,6.108415,4.2972755,6.308222,5.9071712,5.9757547,5.470233,5.1921835,5.405457432039323,0.5738990567437633
10,sm11-11_neut->an,3.73,5.0096583,4.86919,4.7148085,3.8645945,5.106291,4.5391326,4.54871,4.8011646,5.0060186,4.596124,4.735254,4.8831367,4.378713,4.7637916,4.392995,5.418091,4.4702506,5.1196737,5.0394998,4.416608,4.7119637,5.487956,4.640829,4.8038616,4.351913,4.916219,5.2149067,4.599988,4.953739,4.412712,4.725735279206307,0.3798663155537456
11,sm11-11_cation->neut,1.67,0.16292,1.5957043,1.5083852,1.3716717,1.3062463,1.6363447,1.4338899,0.5008426,1.6900725,1.5402493,1.181989,1.3039966,1.6841953,1.4231334,1.2874804,1.0880399,1.1130137,2.1600757,1.0823152,1.7778716,2.5473523,2.066104,1.2846236,3.0896473,1.9196668,2.5537114,1.1383085,2.7817824,0.8566594,0.95913744,1.5392074252713113,0.6190550308784804
12,sm11-12_cation->neut,1.98,1.989253,1.7195961,2.3193088,1.5631189,1.4191813,1.7913358,1.4838929,2.4742184,1.6823573,1.7604537,1.6030545,1.586323,1.9214966,2.2353842,2.6131208,2.1582685,1.291193,1.9263635,1.6802812,2.664575,2.4639335,2.6712792,1.8550928,2.7425737,1.906524,3.1335025,1.2997432,2.503193,1.1866789,0.90644884,1.9526369719351493,0.5177033755961427
13,sm11-12_neut->an,3.67,4.6318483,4.279688,4.9039903,4.1220846,4.914664,5.023472,4.4728036,5.0390043,4.5846305,3.8215103,5.073545,4.6864867,4.0637445,4.817627,4.5878973,4.7787504,3.6272087,5.0315695,4.746853,4.358675,4.319006,4.8894863,4.112207,4.1646914,4.302003,4.578413,4.7389946,5.001313,4.776478,4.1977625,4.526335713786464,0.40475177786613825
14,sm11-13_neut->an,8.15,8.943601,7.983308,8.998819,8.928126,7.864871,8.29845,8.23004,9.290026,8.411009,8.521091,8.171204,8.112493,8.655056,8.764839,8.058242,9.189957,8.725544,8.36319,8.140547,8.358431,8.356781,8.663571,8.193957,8.357695,8.8759365,9.130521,8.326637,8.865484,8.379532,8.30184,8.503574106770177,0.37361872092310106
15,sm11-14_neut->an,7.41,9.36877,8.618798,7.869319,8.821109,8.657346,8.360003,7.6183634,8.592038,8.404139,8.762488,9.199982,8.018009,8.428045,8.975122,7.972017,8.5994625,8.712318,8.714282,8.95945,8.94342,8.121973,9.028313,8.159491,8.09384,8.413859,8.515385,7.9287333,8.437003,8.091988,8.064022,8.44706735795544,0.45498026721058576
16,sm11-15_neut->an,5.18,6.4173284,5.604772,6.275493,5.813161,6.310031,5.62595,5.3097615,6.4967804,5.435682,5.494386,5.7224565,4.6318674,5.340646,6.305441,5.6145415,6.6772923,6.104512,5.272724,5.2038016,6.4480844,6.0033875,5.471883,5.2074304,5.851447,5.273669,5.7587743,5.2492313,5.2765903,5.594901,4.799628,5.67005333377469,0.5060192124204438
17,sm11-16_neut->an,9.46,10.587086,9.388615,9.526867,10.3537655,9.379444,9.33445,8.893697,11.698726,9.4507265,9.456356,9.421231,9.493714,8.97709,9.2601795,9.05928,11.216281,9.648812,9.72419,9.40423,8.629253,9.05074,10.004737,9.45241,9.654934,9.205711,9.563099,9.4402895,9.227837,9.408053,9.361153,9.572030866069179,0.6223906835693888
18,sm11-17_neut->an,3.79,4.580592,3.7933843,4.3097544,3.607442,4.021479,3.3400354,4.295319,4.3606014,3.424477,4.154627,3.8538058,4.061158,3.6441708,4.160852,3.950066,4.16547,4.0858145,4.2611003,3.8017056,4.079576,4.2270145,4.357832,4.5534678,4.1067386,3.9507194,4.3332057,3.9082396,4.341358,4.1195917,4.351696,4.064235303940311,0.2982080508314396
19,sm11-18_neut->an,8.96,9.979307,8.694401,8.745092,9.321226,8.942322,9.15764,9.11397,9.075823,9.094198,9.146006,8.971563,8.731906,9.009451,9.170397,9.185762,9.843063,9.3502655,9.338793,9.624273,9.12706,8.991388,9.723256,8.790567,9.29456,8.92594,9.441819,8.56995,9.357414,8.626374,9.0195675,9.139463115815195,0.3357183701476319
20,sm11-19_cation->neut,6.76,7.4600945,6.066933,6.6406655,6.549654,5.9925976,6.928832,7.0488486,7.1281805,6.9713135,6.578314,6.223797,7.0651155,7.596794,6.5780754,6.8344088,7.3453836,6.526641,7.3073745,6.8656073,6.609187,7.577259,7.041432,6.5804358,7.177608,8.346165,7.444584,5.6518126,7.775814,4.736232,5.138837,6.791870832750874,0.7336111455877444
21,sm11-20_neut->an,4.24,4.498584,4.069337,4.286586,4.3934875,4.4754376,5.013495,4.3780437,4.422988,4.092729,4.7305937,4.5499043,4.383768,3.8192577,5.0916004,4.2088556,4.237855,4.4587674,4.9513474,4.4469447,5.3574924,4.367776,5.2826114,5.0086823,4.1538506,4.2786913,4.2663984,3.9616613,4.540545,3.932208,4.0425963,4.449744985641972,0.385099643038233
22,sm11-21_neut->an,3.05,4.536421,4.525298,4.75463,4.4523005,4.4169755,3.5813541,4.657766,3.9916673,4.2053843,5.0220313,3.8571281,4.33128,3.907445,4.222458,4.7739325,3.956811,4.32761,4.0830145,3.975399,3.9831705,4.673544,4.6087675,3.929923,3.6095667,4.3128986,3.693984,3.5591378,3.5611367,3.3755574,3.8721213,4.122861732975129,0.4583079292273172
23,sm11-22_neut->an,8.93,10.0044985,8.963389,9.157813,9.861877,8.852776,8.503983,9.500297,10.828054,8.699913,9.436928,8.26223,8.973555,9.655188,9.017354,9.399777,10.9367075,9.618358,8.928198,9.174826,8.587005,9.353356,9.220867,9.431577,9.3717165,9.495001,9.915988,9.5710945,9.569754,10.160151,9.843869,9.394390280938918,0.5920641515264286
24,sm11-23_neut->an,3.16,3.3188152,3.7525399,4.101163,3.337173,3.4371443,3.819742,3.6823444,3.5195208,5.1640506,3.4331818,4.0163918,4.2611485,3.0716124,3.6001773,3.7974176,3.6295776,3.4961452,5.60448,3.964439,3.579379,3.8950772,5.541464,3.664599,5.526695,4.1311464,6.1525025,4.0569887,5.974368,3.9662175,4.272184,4.094441449565272,0.8326727624987936
25,sm11-23_cation->neut,3.16,1.4385471,1.9126554,1.7003007,1.7852874,1.610661,0.8845229,1.2831783,1.3331547,1.9183855,1.718812,1.754072,1.9565957,1.6733456,1.3037381,1.5550189,2.0580196,1.8648539,2.1031244,1.3900437,1.2611394,2.084168,2.1042035,1.6017118,1.0561128,1.9181194,1.483593,1.1528378,1.1700871,0.78588724,0.7387023,1.605189643675281,0.476096688763832
26,sm11-24_cation->neut,7.63,7.2750797,7.6115417,6.647291,7.258774,7.310622,7.1364994,7.111914,6.947671,7.8164043,7.6453395,7.160275,7.895582,6.6983147,7.695976,7.226964,7.5744705,7.695529,8.096992,7.7944403,7.635867,6.877676,7.6257515,7.8223696,7.4420447,6.981832,7.272075,7.0820913,7.7912946,7.1421833,7.4294677,7.39781719269291,0.36112205017601495
27,sm11-25_cation->neut,5.75,5.901909,6.1027575,5.514715,5.6451254,6.2062893,5.568165,5.7009563,5.9993906,6.034297,5.036771,5.744755,5.450305,6.204204,5.959552,5.267565,5.8059425,5.324998,6.4520006,5.5434456,5.6142764,6.767282,5.8343754,5.3843474,5.6415567,6.293927,5.8869343,5.294077,5.4488792,5.636339,5.6946316,5.764831266095562,0.3693700943800841
28,sm11-26_neut->an,9.24,10.551983,8.78924,9.227131,8.8077545,8.996947,8.632543,9.44487,10.286003,9.847092,9.386922,9.271713,9.836359,9.810313,8.503231,9.683123,10.126387,8.698346,10.411758,10.432968,8.410219,9.576354,10.244902,9.771554,9.876569,9.593694,10.335689,9.724251,9.741697,10.250245,10.348777,9.608343008718183,0.6147977787479788
29,sm11-27_cation->neut,4.47,3.7269497,4.6101937,4.1858892,4.002794,4.5322886,4.051996,4.7708735,3.6387258,3.9986582,3.6312523,4.5659623,4.349317,3.631744,4.937616,4.007604,3.7652082,4.4001684,4.402801,5.0617275,4.065668,4.672522,4.703251,4.58344,5.716755,4.751479,5.477229,5.3799067,5.65709,5.452614,4.82074,4.51685369306995,0.5943089133006622
30,sm11-28_cation->neut,5.95,5.0735407,5.4102664,5.1470013,5.9273615,5.184763,5.6710033,6.2611866,5.505435,5.497961,5.346458,5.566234,4.4765573,6.341545,5.938961,5.295156,5.6851296,5.8159294,5.882172,4.9996576,5.6461806,6.405902,5.837398,4.687417,6.621766,6.3478994,6.608888,4.9065533,7.062966,4.750616,5.0346427,5.641501555904265,0.6151841893499346
31,sm11-29_neut->an,3.28,4.015215,3.3896766,3.7113404,3.826776,3.7832227,2.9761324,3.9352121,3.8770618,2.899219,3.5804486,3.4784582,3.579153,3.2489681,3.7772517,3.7988834,3.9024935,3.8818665,3.4467325,3.6846905,3.50461,3.5688028,3.7059033,4.4621115,3.57353,3.3616734,3.8356438,3.397314,3.485661,3.556384,2.7961745,3.590987437155939,0.33478429086300404
32,sm11-30_neut->an,7.89,8.188091,8.40262,9.441757,8.671979,8.639319,8.073664,8.584965,8.199482,7.8699355,7.77161,8.884177,7.8337955,8.020901,8.257598,9.249087,8.682152,8.123659,7.8798766,8.1364155,8.135236,8.706869,7.823389,8.243651,8.50141,8.123791,8.739852,7.951619,8.463036,8.066598,8.235783,8.315881210450202,0.4080349724314881
33,sm11-31_neut->an,2.87,3.59299,2.5378761,2.8602743,3.0696597,2.7461686,2.494039,3.178378,3.2898202,2.9243803,3.5321765,2.4458456,3.0585775,2.5618587,2.9694772,2.7343817,3.3958983,3.3888621,2.6194782,3.244381,3.4125743,2.756796,3.0641732,3.7679162,2.9269733,2.6551566,3.1982505,2.874865,3.1134448,2.776229,2.7555928,2.994080477991412,0.3380239009198875
34,sm11-32_cation->neut,6.64,7.1012735,7.2731123,6.7641826,7.4091945,7.1998043,7.485998,6.92267,6.338583,7.2608976,7.242513,7.1088567,7.7168937,8.1657095,7.8006296,6.7272243,6.632608,7.893176,7.599725,7.744323,7.327654,7.958358,7.8108797,7.735327,7.7771297,7.796086,7.867371,7.0812244,7.3150578,7.2837543,7.520396,7.370987481148012,0.4448671245037378
35,sm11-33_cation->neut,6.79,7.2924185,7.31392,6.873806,6.599822,7.190007,6.9961348,7.340931,6.770878,7.0729237,6.1459846,7.3889236,6.536174,7.4726367,7.015767,6.582982,7.1002493,6.0144515,6.390028,6.510108,6.6662483,7.8452396,6.528285,6.6109242,6.634186,7.8108363,7.287756,5.709938,7.1250196,5.2749615,5.6038823,6.790174916175103,0.5960851684714847
36,sm11-34_neut->an,4.04,4.419906,4.564991,4.6706924,4.656519,4.5021644,4.1573615,4.486831,4.3933444,4.338053,4.236289,4.7818727,4.0283546,3.9255247,4.8770294,4.1892896,4.926179,4.422523,5.2917414,4.0432844,4.952178,4.831747,5.2623477,4.3628745,4.458394,4.4802704,4.564545,4.231042,4.744794,5.0377474,5.012747,4.544859287508072,0.3563721323244208
37,sm11-35_cation->neut,6.3,6.853161,6.7616596,6.6052012,6.350189,7.018626,6.411003,6.8420095,6.6442165,7.262828,6.2610455,6.646555,7.060146,6.453167,6.10269,6.8843317,7.207849,6.2017393,7.662225,7.445214,6.2214193,6.6604085,7.283035,7.1861453,6.024033,6.8154216,5.949565,6.743573,6.253689,6.9012527,6.746748,6.701907951601091,0.42849994473706005
38,sm6-1_neut->an,9.53,11.094869,9.706711,10.399587,10.158422,9.903263,9.746879,9.864513,10.990233,10.054347,10.019032,9.809049,9.951796,9.096513,9.649408,10.245399,11.0817,10.086207,10.086372,9.63178,9.696102,9.03281,10.5782995,10.0394945,10.114334,8.993596,10.444585,9.411549,9.815477,9.970314,9.234626,9.949589276467599,0.5267199660178631
39,sm6-2_cation->neut,5.03,5.681899,5.164502,6.0016513,4.4698124,4.91833,4.6351624,5.4697437,5.518258,5.7289057,4.95354,4.8510046,4.6711817,4.811434,4.7274275,4.732188,5.39975,4.9748907,5.587019,4.673216,4.841958,5.912381,5.110541,5.389985,6.1170745,4.31816,6.104681,5.063155,6.1988683,5.947267,5.2545457,5.234146234450802,0.5243175959448173
40,sm6-3_neut->an,7.02,6.6341343,8.084728,8.107668,6.758231,7.9577193,7.5780334,7.9669385,6.7426476,6.9579477,6.347299,7.6445785,6.8269353,6.105192,6.872964,8.722403,7.3918405,6.752612,7.1299696,7.399077,7.2045164,6.509246,7.3415174,7.6252656,6.549588,6.478682,6.869236,6.798745,6.541521,6.9662743,6.3536315,7.10448846570907,0.6093256378741049
41,sm6-4_cation->neut,6.02,6.2411456,6.8709984,6.624776,5.5636153,6.1292043,5.565486,6.2715764,6.592573,6.7066755,6.2400637,5.80056,6.3013067,5.74654,5.562972,5.883807,6.6503386,6.264067,6.6169443,6.0726337,5.7754083,6.5825295,6.366926,6.3422966,6.361067,5.9134154,5.8264613,6.37451,6.4082355,6.6766567,6.492106,6.220803107600058,0.3666933062055055
42,sm6-5_cation->neut,4.59,3.081993,3.7924936,4.185777,4.134035,4.2620325,3.524969,3.7187912,3.3078594,3.5868702,4.10264,4.2755365,3.5672512,3.2136493,3.5350304,3.5629973,3.654365,3.7022412,4.3754845,3.8447378,3.4221141,3.5812442,3.4526021,3.3763657,3.9744263,3.438557,4.6124306,4.9226127,3.8456926,5.0549045,4.4449983,3.8756355728641636,0.49439406111571865
43,sm6-6_cation->neut,3.03,2.2687054,2.0098178,2.3841667,1.8772736,1.4275026,2.191568,2.6220071,1.6356235,1.4822817,1.8189669,2.059005,2.5817575,2.1789386,3.1765785,2.5590181,1.091598,2.63203,1.1478968,2.3259783,1.5803967,2.252721,2.1752608,2.536889,2.8154066,2.4746265,3.309762,3.0321605,1.4944677,2.8981633,2.7237544,2.251429766378095,0.581011086738809
44,sm6-6_neut->an,11.74,11.6917305,10.75115,13.246904,11.295265,11.027567,10.849276,12.563412,11.074648,12.788382,11.055927,11.032806,12.557937,10.793723,11.767897,13.0707445,11.970484,12.0835,13.087088,12.544568,11.453603,11.647001,12.572302,12.970465,10.773691,11.174288,11.207001,10.504582,10.865751,11.227392,10.025024,11.658519629201582,0.8619319007955759
45,sm6-7_cation->neut,6.08,6.425374,5.9733977,6.595996,5.6058145,5.609606,5.961201,5.8714643,6.2114944,6.218675,6.056873,5.6596494,6.0609255,5.9316297,5.736679,5.93956,6.3414783,5.34556,6.328865,6.221457,5.9996443,6.140571,6.240967,6.4059243,6.655405,6.0392,6.7064962,6.6808696,5.8575487,6.8260922,6.3779097,6.132462180968253,0.3502159771470033
46,sm6-8_neut->an,4.22,4.7943416,3.4953609,3.7460136,4.233111,3.4586186,3.9083815,3.942535,5.0163107,4.1211643,3.9702368,2.996235,4.579914,2.9827566,3.85577,3.4003425,4.787474,3.6429386,4.439735,3.961328,3.7609744,4.0604844,4.88293,4.406295,3.8016634,3.2846842,3.8046994,4.189156,3.6115203,4.7091236,3.7101707,3.992718349579842,0.5228372542196108
47,sm6-9_cation->neut,5.37,5.733467,5.410419,5.874835,6.104275,5.6097608,4.9205985,6.024844,4.898711,5.2561865,5.8776255,5.176023,5.5169296,5.0287824,5.395749,5.277067,5.4297028,5.8067064,5.181802,5.828091,5.1188426,5.4270105,5.1174026,5.565201,5.477811,4.8406973,5.876462,5.453373,4.655954,5.925291,5.1289706,5.429309402588875,0.3691316655191155
48,sm6-10_neut->an,9.02,8.958248,9.4610405,9.378194,9.310583,9.36698,9.506909,9.209959,9.377496,8.597546,9.043234,9.215668,9.112039,7.3930817,9.714709,9.348356,9.9130335,9.090156,9.039415,9.536899,10.23674,8.264104,8.907425,9.774509,8.930857,8.598506,9.657064,8.213438,9.80987,8.8867035,8.501984,9.141120834350586,0.5621533551798567
49,sm6-11_cation->neut,3.89,3.859359,3.4259458,4.6543365,3.346858,3.6344018,3.8553975,4.385129,3.6366136,4.543475,3.9574618,4.1026464,4.1582375,4.1354313,4.265876,4.0142336,4.239015,4.129717,4.7720566,4.2407446,4.2726717,4.1409826,4.0653834,4.287869,4.1452484,4.677602,3.8623655,4.303136,4.352257,4.4747543,4.1775203,4.129249207896571,0.33295608147682226
50,sm6-12_cation->neut,5.28,5.646529,5.3834906,5.402001,5.0938654,5.1928296,4.688753,5.356548,5.389289,6.0929093,5.7225456,5.0348363,5.2884126,4.76295,5.313745,4.4080667,6.038416,5.2324467,6.2972403,5.796672,5.337446,5.4138627,5.437804,5.3236794,5.248776,4.786542,5.7738533,4.6723204,5.15653,4.7714167,4.50623,5.285484076469175,0.44619158501418366
51,sm6-13_cation->neut,5.77,5.8999395,5.627825,5.737374,5.9587517,5.8135023,5.9455614,5.488373,5.518023,5.6145396,5.823544,5.677956,6.1374154,5.258769,6.6061535,5.3295608,5.6407022,5.333835,6.129773,6.240187,6.291706,5.7848163,5.9161744,5.8755465,5.7174125,5.4005103,5.556845,6.1439795,5.0992846,6.2269106,5.6144524,5.779981413810483,0.3331665613403275
52,sm6-14_2cation->cation,2.58,3.2559185,3.2398522,3.1971323,2.5439088,3.1705618,2.3602204,3.0679667,3.3470776,3.2699924,2.8663619,2.995677,2.9254007,3.0605564,3.3315933,2.944611,3.081042,2.6127734,4.243989,2.3700452,2.9364276,3.230422,4.650107,2.4803872,2.1904612,3.2879817,2.7420058,2.6387181,2.3712778,2.6062994,2.6747813,2.976566124885313,0.5095247830492795
53,sm6-14_cation->neut,5.3,6.0925384,5.564408,5.2599144,5.294681,5.504741,4.9330254,5.735223,5.8023505,6.1204867,5.4159365,5.636217,5.739008,5.7546964,5.838704,5.4175434,6.2837563,5.1690025,5.710372,5.3064833,5.281957,6.1158276,5.275189,5.418468,5.8028126,6.0800185,5.862362,5.088709,5.616449,5.6548305,5.3423667,5.594131525101201,0.3323042262266417
54,sm6-15_cation->neut,4.7,5.749387,5.145685,4.9535437,4.3338327,5.0550756,4.0249615,4.724475,5.416377,5.5180902,4.5313325,5.2509766,5.01705,4.5948296,4.810129,4.5144596,5.84544,4.2818108,5.210044,4.711893,4.2948875,4.696734,4.830954,4.8793235,4.8760576,5.159695,4.9737887,4.27592,5.3167834,4.322198,4.3350754,4.850026121447163,0.44611329771150027
55,sm6-15_neut->an,8.94,9.957955,9.250362,9.481553,9.732645,9.263106,9.051438,8.860603,10.320133,9.260681,9.787762,9.267981,8.3058815,8.677921,9.417056,8.941538,10.267761,9.590139,9.103437,8.5718155,8.76491,8.283368,9.444774,8.606144,9.530781,8.916235,9.122979,8.615082,9.311247,8.60696,8.818859,9.163584168957126,0.5107819750219236
56,sm6-16_cation->neut,5.37,5.404896,4.8217564,5.89649,4.76521,4.5954556,5.06667,4.828907,5.012501,5.4549627,5.086049,4.820734,4.9848695,5.0156074,4.558521,4.4658446,4.9586563,5.041536,5.614168,4.589419,4.3923635,5.4141626,5.3460045,5.0398474,4.3096523,5.083625,3.9371958,4.8758593,3.7966142,5.295668,4.942945,4.9285867943302275,0.4521175953986959
57,sm6-16_neut->an,10.65,12.307294,11.299106,11.848012,11.846179,11.548554,11.501899,11.80822,11.70517,11.386721,11.920103,11.297892,12.2433405,10.983719,12.10022,11.601511,11.76292,11.780506,11.567633,11.977907,11.915573,10.701651,11.9579735,11.550735,11.337838,11.119899,11.4489565,11.84071,11.601874,11.989514,11.794995,11.625697578922393,0.39163317567072253
58,sm6-17_cation->neut,3.16,4.890556,3.3345187,4.3994436,3.4459922,3.1470594,3.7344787,3.734779,4.21291,4.5102572,4.0386868,3.4348044,3.5077114,3.410143,3.2656088,3.1887517,4.4729543,3.8973403,4.9088163,3.3206847,3.345651,4.571459,4.5407486,3.4843557,3.6126144,3.8266058,3.5715146,4.050138,3.215162,3.5523472,3.0721073,3.769619346741707,0.5365269369419449
59,sm6-18_cation->neut,2.15,3.264846,2.6050558,2.196978,1.7902594,2.8802547,2.936848,2.2696424,2.816866,2.8357134,2.53764,2.701,2.654269,2.1486166,3.306848,1.8960876,2.8871107,2.0130858,2.8247674,2.862143,3.0925982,2.1677215,2.6799242,2.9555492,2.4206817,2.6338952,2.927668,2.5593867,2.8335724,2.8799767,3.0598326,2.638349629986671,0.38654283927532734
60,sm6-18_neut->an,9.58,7.6574316,9.744329,11.267399,8.641933,9.965928,8.520767,10.2584915,8.943443,10.152502,8.808221,8.73444,9.439775,9.038586,8.615326,10.967957,8.032841,8.708574,9.844664,9.518245,8.383232,8.3766985,9.315129,9.516446,9.281664,8.620539,8.922526,8.814383,8.665393,9.421969,8.169063,9.1589643749114,0.802443369367664
61,sm6-18_an->2an,11.02,11.29741,9.936232,12.448826,10.339693,10.314361,10.347103,11.827471,10.249275,11.696797,10.953466,10.342987,10.881658,10.559262,10.345213,11.715816,11.144704,10.965483,11.966246,10.627608,11.368294,10.127075,10.661141,11.2219715,11.802035,9.910869,12.626551,11.367473,11.987738,10.783217,11.024538,11.027758460506316,0.7124391941272021
62,sm6-19me_neut->an,9.56,8.977491,8.950729,9.264338,9.410692,9.680437,8.205021,9.020661,9.0822315,9.594857,9.442432,8.778944,9.908214,8.754594,8.23629,9.193948,9.551838,9.722381,9.227388,9.910184,8.346078,9.303562,9.049755,10.313348,8.040343,8.8554,7.8163805,9.467009,7.9827895,9.552906,8.998888,9.103197745661582,0.6033901039702133
63,sm6-20_neut->an,5.7,6.199914,5.5384674,6.4602323,5.970519,5.859673,5.381825,5.7751994,6.1598506,7.0382776,5.7815914,5.936201,6.6131616,5.822959,4.922707,5.6606107,6.3891754,6.404516,6.8992825,6.6800127,5.2884436,6.9525857,7.029955,6.0070333,6.5906625,6.387808,6.2818966,6.2359962,4.7385993,6.2800713,6.4025626,6.109348057162377,0.5680366093944709
64,sm6-21_cation->neut,4.1,4.121753,5.8181124,3.7753139,3.7435882,5.1291976,3.7727957,4.0053606,4.4450226,4.3050776,4.1147165,5.156577,3.8600204,3.3994176,3.5100996,3.790532,4.1244626,4.2767887,4.7931566,3.8817275,3.4303741,4.886188,4.3833075,4.2735577,4.37956,3.931002,3.9338212,3.7213924,4.219347,4.349972,3.6828961,4.1714560708691995,0.5308805661273657
65,sm6-22_cation->neut,2.4,3.4858427,3.1721196,2.4829345,2.6905801,3.539927,4.3322453,1.7598019,2.5710332,4.281341,2.6333227,2.6339388,3.9117734,1.9482327,4.437335,1.116683,2.8997993,2.5832794,4.1481056,3.23647,4.6007667,1.6873903,3.5183437,4.3808603,3.2073483,2.2378619,3.4907181,2.835272,2.7448087,2.670332,2.707553,3.0434200117664956,0.8678710157398535
66,sm6-22_neut->an,7.43,7.0508537,7.569223,7.583928,7.5967417,7.4185677,7.8023973,7.57049,6.3609486,8.435008,7.104149,7.1996436,8.889064,7.243905,7.952607,7.497114,7.8134723,7.344893,8.359386,9.017976,7.8358173,7.62331,8.465243,9.318177,7.944845,7.4332986,7.7759905,7.8319616,7.6356277,7.744872,7.5144935,7.7536775890473395,0.5943909184653723
67,sm6-23me_cation->neut,5.45,6.003418,5.8363466,6.5427685,5.5300455,6.720731,5.563223,6.3130407,6.1539235,7.5996494,5.0928383,6.6936707,7.1170545,5.3101854,5.8686085,5.8522797,5.391336,5.6121855,6.043221,7.3048577,5.1510363,6.5845375,4.96818,6.2528343,5.271151,5.465782,5.646653,6.026744,5.1880274,6.944319,8.274212,6.057189024648358,0.7886833653458196
68,sm6-24_cation->neut,2.6,2.5886712,3.4336314,3.9605227,2.8019829,3.220202,2.5900397,4.048188,2.9253478,3.5222545,3.4394531,3.4619102,3.2888622,2.491868,3.3202276,3.2991114,3.1980262,3.6606967,3.3395548,3.3372164,2.5952525,3.8769486,3.167212,3.2788599,2.9030154,2.6704683,2.8371015,4.036291,3.0757651,3.614951,3.4571757,3.2271228405737107,0.43877763506873146
69,sm7-25_neut->an,4.49,3.719481,5.580829,5.29459,5.22116,5.1931376,4.612084,4.83663,4.4940143,4.32431,4.8228025,5.3244505,3.9079897,4.637067,5.038821,4.5239873,4.4992523,5.1245165,4.780052,4.6652694,4.985285,4.895934,4.524188,5.006564,4.6730685,4.6955404,4.411597,4.518306,4.680988,4.802167,4.229168,4.726233851217454,0.39523765647359793
70,sm7-26_neut->an,4.91,5.1789117,6.7955637,5.371711,5.85638,6.398061,5.563402,5.3026814,5.502435,5.420594,5.8971004,6.466808,4.917695,5.1955037,6.082206,5.447394,5.9952087,6.252153,5.2567716,5.512982,5.7416906,5.916489,5.022803,5.207539,5.710019,5.3816752,5.8976917,5.401683,6.323134,5.4115953,4.8776627,5.61985627020559,0.4840539275863709
71,sm7-27_neut->an,10.45,11.576958,12.013585,11.017374,13.178678,11.51025,10.459964,10.409466,11.758944,11.094675,13.00433,11.343979,12.359138,10.78965,11.076361,10.842942,11.488932,13.033004,11.742449,11.925856,10.806649,11.168055,11.796657,11.845748,11.101199,10.7523985,10.897388,11.365504,11.206277,11.052728,11.44348,11.435890788416708,0.7120357374102422
72,sm7-29_neut->an,10.05,12.358797,11.695656,11.555553,12.612736,12.078655,10.965459,11.348179,12.13135,11.709857,12.357862,12.468001,12.217613,11.068949,11.624123,11.680889,12.5972,11.642471,11.990825,11.701114,11.42113,11.559758,12.058623,12.181749,11.560147,11.373866,12.285045,11.611332,12.155581,11.335212,11.239161,11.762480452752882,0.5375350490845421
73,sm7-30_neut->an,10.29,10.572018,9.781607,9.4262905,10.6243305,9.865604,9.783652,9.463732,10.536904,9.31781,10.73288,9.255495,10.991654,9.386192,9.739962,9.190851,10.612487,10.364226,9.715935,10.555826,9.123795,9.998703,10.275604,10.961408,10.452435,9.43957,11.341909,10.292706,11.275854,10.317839,9.6647835,10.108131040757701,0.6223591567614214
74,sm7-31_neut->an,11.02,11.4067955,10.184111,10.193859,11.902235,10.017128,10.49356,9.835503,10.59614,10.740515,11.438749,10.773983,11.795647,9.775214,10.746452,10.491427,11.84654,11.302134,11.469833,10.774358,10.331809,10.56396,11.713532,11.0491085,10.962306,9.787773,11.13641,10.342492,11.404475,11.027775,9.670486,10.799816485989478,0.6386324284810312
75,sm7-32_neut->an,10.45,11.891225,10.74505,11.078552,11.756161,11.419662,10.770984,11.167789,11.269923,9.961775,12.123883,11.078628,10.835696,10.039133,11.020498,10.926445,12.110735,11.685745,10.5646515,11.784584,11.023095,10.264063,10.549312,10.420755,11.629437,10.191251,12.160744,10.543066,12.169797,11.122399,10.8600235,11.0843568986462,0.641350620685554
76,sm7-34_neut->an,11.93,11.514258,9.940073,10.57732,11.357586,9.922558,11.061212,11.063249,11.356132,9.320351,10.680939,10.024319,10.819125,9.735023,11.299564,10.078955,11.661836,10.788963,9.89995,11.183206,10.95582,10.757226,9.921496,11.158191,11.233833,10.249205,11.635595,10.820677,11.126917,10.979601,10.384832,10.756064835825274,0.6446020743145633
77,sm7-35_neut->an,9.87,11.469152,10.382026,10.5162325,11.160025,11.08226,10.584966,10.496742,10.651558,10.250539,11.300016,11.184737,11.179028,9.46302,10.5604105,10.060128,11.408628,10.832468,10.436962,11.200351,10.344987,10.252596,10.790825,11.374096,10.805935,9.897219,11.427062,10.560093,11.005959,11.111935,10.72797,10.722191137498426,0.5046978129393535
78,sm7-36_neut->an,9.8,8.763027,8.721718,9.560959,9.381289,8.804363,9.131555,10.060976,8.207724,8.848082,9.0695915,8.721617,8.574322,8.239249,8.585533,9.687055,8.666317,9.03264,8.811394,8.96195,8.601722,8.409769,8.909208,8.952753,9.434321,8.160055,10.605125,9.27548,9.731138,9.854635,8.4846325,9.033812916663386,0.5753059062094021
79,sm7-37_neut->an,10.33,10.051378,10.590372,10.6237755,10.778462,10.134945,11.031628,10.591607,10.185491,10.418528,9.932767,10.012397,10.894398,10.009075,10.543232,10.443516,10.7332,10.344344,10.164863,10.199543,10.024085,10.943992,10.118671,10.537975,10.308126,10.411351,10.261002,10.220004,10.67396,10.218183,9.491453,10.362010404525265,0.3307178038937601
80,sm7-38_neut->an,9.44,10.226005,9.479941,9.950983,11.034521,10.104126,10.106535,9.588542,10.080907,9.67641,10.72836,10.235646,9.962461,9.252079,9.866775,9.512152,10.209641,10.041489,9.781601,10.240683,9.720861,9.756078,10.570051,10.520875,9.844984,9.336842,10.896059,9.82766,10.091028,9.831675,9.199654,9.971439436635663,0.44888396080968834
81,sm7-39_neut->an,10.22,8.855022,9.07766,9.751441,10.231867,9.405455,9.870471,9.109207,8.60091,8.756592,9.520861,8.913906,9.094425,8.800184,9.924877,9.664014,9.010665,9.374647,9.170782,10.043088,10.060934,8.968992,9.079128,10.120529,8.811039,9.056678,9.643414,8.150466,9.249216,8.992293,7.473322,9.258131787700039,0.6096541359306095
82,sm7-40_neut->an,9.58,10.9128065,9.607502,10.008831,11.325143,10.666217,10.727295,9.689562,10.786203,10.362096,10.81147,10.501903,11.08597,9.265635,10.697058,10.2373295,10.946274,10.688857,10.785002,10.905565,10.5592575,9.2516365,10.939795,10.945019,9.753982,9.590394,10.578861,9.574941,10.736826,10.024439,9.758027,10.364641745782667,0.5844477958328653
83,sm7-41_neut->an,5.22,5.8957705,6.297242,5.8966265,6.1673927,6.301014,6.9126263,6.0988536,5.541452,5.981171,5.4227095,6.055395,6.603574,5.447972,6.730034,5.9214544,5.6665187,6.3804755,6.2755384,6.558114,6.3258386,5.90423,5.889539,6.651214,5.8674874,5.5996175,6.5162754,6.4624004,6.0940013,6.4941387,5.910134,6.099639037962882,0.41118428628639764
84,sm7-42_neut->an,6.62,5.3565464,5.934269,6.564208,5.5077477,6.3658934,6.278389,5.8522787,5.2887425,5.216359,5.105284,6.0253243,5.835906,5.054716,6.544777,6.1331444,5.211655,5.4438615,5.561873,6.074057,5.4866424,4.896179,5.7925406,6.865202,5.1994443,5.189268,6.550267,5.564003,5.967465,5.8739204,5.2325444,5.761048674429617,0.532234950165318
85,sm7-43_neut->an,5.62,5.7635245,6.5559235,6.829342,6.7649207,7.1445827,6.6191883,6.3904552,5.734713,6.013784,5.872596,6.475976,7.3892303,5.3829274,6.3258877,6.946106,5.789874,6.555563,6.5967135,6.4431677,6.3252883,5.0499525,6.472453,6.770279,6.604351,5.2106957,6.754033,6.0311394,6.5513716,6.983943,5.7890377,6.314742568846672,0.5618894415088886
86,sm7-44_neut->an,6.34,8.488152,7.9441323,8.048143,8.250422,8.5083885,8.755152,7.8517966,8.510445,8.031809,8.284199,7.735687,8.746372,7.5625086,8.158536,8.418854,8.762566,8.192554,8.005994,8.400661,7.810977,7.665309,8.040823,8.037065,8.1588745,8.128799,8.970231,8.287293,8.248255,8.432077,7.991107,8.153780055507537,0.4678335032388437
87,sm7-45_neut->an,5.93,6.7555017,6.6789083,8.0369835,7.145606,7.7420883,7.441183,7.3860726,6.595239,7.00632,7.4217076,7.1188445,8.440642,6.459161,7.21111,7.827148,7.699859,7.5620956,7.333482,7.842451,7.411105,6.4991884,7.1051135,8.20031,7.1664906,6.6698284,7.476728,6.9288855,7.114251,7.444629,6.904494,7.243723459551411,0.5387270124910001
88,sm7-46_neut->an,6.42,6.9811234,7.631555,7.614729,7.40139,7.779828,8.493565,7.7126055,6.937281,7.3635545,7.6884246,6.7302656,9.387227,7.0392694,8.326896,7.674944,7.1325445,7.8695517,6.9640956,8.166746,7.923321,6.879447,7.439866,8.6287985,8.111938,7.02392,8.752549,7.9499626,8.010022,8.409139,7.4673266,7.674576956841254,0.657435164948369
89,sm8-1_neut->an,3.99,4.395534,4.1585817,4.5752525,3.9685965,4.226184,4.67796,4.3710685,3.9417496,3.7582645,3.8582964,4.07753,4.3937526,3.9272604,4.506321,4.2158947,4.2138443,3.8959346,4.2192235,4.536581,4.242406,4.0920763,4.332451,4.842669,4.924142,4.1902843,4.596872,4.102665,4.5063953,4.355019,4.3720737,4.273060729119086,0.28171253842487093
90,sm8-2_neut->an,4.5,5.1589484,4.601782,4.325913,4.8886704,4.689432,4.9608965,4.313242,5.3407383,4.764419,4.99731,4.7331395,4.8183613,4.3577566,5.129866,4.476263,5.5306144,4.819223,5.272523,4.8253016,4.946666,4.820017,5.4118576,5.099996,4.669649,4.581312,4.5287166,4.938158,4.831711,5.1204777,4.8698688,4.849123539463166,0.3083802205463869
91,sm8-3_neut->an,4.0,3.1484714,3.3040743,3.9047704,3.959242,3.15561,3.687145,3.7925644,3.3509803,3.306531,3.2728415,3.4134486,3.7135787,2.8814602,3.7023654,3.7264738,2.9631462,3.8000069,4.014189,3.762281,3.9419656,2.9941225,4.0731735,3.7393734,2.8613029,3.0313091,3.12548,3.8004713,3.1548662,3.8386052,3.658708,3.5186631448807253,0.3732977482261669
92,sm8-4_neut->an,5.77,5.0471373,4.5163755,4.3443217,4.3031306,4.504365,4.016492,3.9822807,5.179393,3.7650256,4.468123,4.706725,3.7639213,3.6495333,4.4336205,4.324317,4.788148,4.8387213,4.8073025,3.9465632,3.9582977,4.015566,4.862288,4.15226,3.752327,3.3056822,3.4159555,4.204675,3.591962,3.9220858,4.124991,4.2729543953557165,0.5433145706978493
93,sm8-5_neut->an,4.23,4.0974364,4.6094174,5.1078296,4.3165946,4.774501,3.7879047,4.5695605,4.2469916,3.927061,4.249065,4.6192017,4.238902,3.4973526,3.7573142,5.396863,4.537712,4.3559713,4.0834007,3.421359,4.1993275,4.2818756,4.5057116,4.1282377,4.1602554,3.8741193,4.319399,4.260543,3.9492478,4.787896,4.0430584,4.268842250454811,0.41376469646607694
94,sm8-6_neut->an,4.17,3.380632,4.678476,4.0443387,3.6822958,3.6620684,4.5610924,3.5765371,2.800609,3.518211,3.6931567,4.1285515,3.7239528,3.6754675,4.1557765,3.4405565,2.876543,4.0101533,4.2019625,4.0621066,4.2737074,3.7791784,4.2781563,4.130866,3.7323806,3.9161916,3.2721019,3.79809,3.8053765,3.6621404,3.6243205,3.816612794937626,0.4138383700737837
95,sm8-7_cation->neut,6.63,6.9587703,6.5946693,5.9028835,5.840214,6.465928,6.1825294,6.760165,6.4285126,7.620897,5.392106,7.139725,6.645698,6.8567142,6.397094,5.891879,6.5005774,5.8371615,7.277239,6.422641,6.225155,6.6665134,6.936302,6.105648,7.066346,6.356785,7.4921756,6.671452,6.685811,6.695186,6.540782,6.554437433673489,0.49058787162421025
96,sm8-8_cation->neut,2.78,1.7729836,3.0445895,1.5663967,1.2562165,2.5069537,1.971199,1.9648294,0.42638826,1.1900091,1.5582485,2.6123648,2.503987,3.0718122,1.9992337,1.1363034,1.2041125,1.6432352,1.3018122,2.105508,2.3222399,3.399805,1.5721278,2.4520793,2.9249234,2.404683,3.1558576,1.8022294,2.7248638,1.7791104,2.0429149,2.070871554036294,0.6985564575012363
97,sm8-9_cation->neut,6.08,6.6829805,6.7112923,6.606756,5.7748537,6.5705686,6.356763,6.881626,6.350789,7.325039,5.8947196,7.0848327,6.841875,7.0244894,6.7499866,6.9053745,6.66031,6.1626654,7.550972,6.8451734,6.5862756,7.2664156,7.0265236,6.3872824,6.8041134,6.79167,7.485713,7.106633,6.938848,6.752138,6.904772,6.745530684686476,0.41384616236459554
98,sm8-10_cation->neut,7.71,6.757446,9.07524,8.503722,7.8133936,8.904323,6.6697507,7.904405,8.150694,8.754876,7.251706,8.185843,8.010192,8.295776,6.8584504,8.229523,6.5845003,7.692035,8.026251,8.46291,6.9583607,8.3728075,6.7476273,7.893119,7.8333626,8.321436,8.009519,9.014475,6.992597,9.098538,9.436099,7.9522250993790164,0.778555304509845
99,sm8-12_cation->neut,6.98,7.162145,7.53089,7.316552,6.7131815,7.4309626,6.6384945,7.292304,6.6626453,7.1583385,7.152715,7.6603594,7.029169,7.194626,6.315918,7.006842,6.944796,7.3661814,7.8289814,7.561882,6.236624,7.44036,7.585994,7.131098,7.2176886,7.319632,7.784256,7.403783,6.778046,7.067152,6.9424515,7.15658286248484,0.38099394464049763
100,sm8-14_cation->neut,7.27,7.158763,7.197366,6.3567767,6.8608556,7.156157,7.063863,6.1059866,6.629774,6.4469547,7.0170646,7.086523,7.0788145,6.752302,6.6616745,6.020701,6.866902,6.5075483,7.8321476,7.220735,6.613345,7.2318115,7.3310237,6.7601275,6.957731,7.3763933,6.4989414,6.5888314,5.8568664,6.683029,6.2141786,6.819457685409053,0.43770916491592116
101,sm8-15_cation->neut,2.54,2.1525702,2.2470083,2.5102324,1.7562838,2.1317663,2.0600755,1.90906,1.6850395,2.1431308,1.8764849,2.2308338,1.8721466,1.9745672,2.0173864,1.9776647,2.445397,1.6059799,2.0462713,1.5080805,2.2741039,1.9989107,2.0310762,1.8880546,2.228391,2.0318463,1.9111998,2.1054356,1.7969265,1.5808215,1.4935365,2.0009768252218922,0.26414071826787544
102,sm8-16_cation->neut,5.1,5.752363,5.9373198,5.5358267,5.5665665,5.734046,4.800022,5.540642,5.2126427,5.9293537,5.573736,5.9755006,5.0000005,5.356633,4.624721,5.743479,5.6286826,5.5837774,6.040769,4.7184563,4.851776,5.6911597,5.9023695,5.0423584,4.5647163,5.676862,4.161446,5.5399632,4.783907,5.959962,5.264349,5.380432485765026,0.4870054588296458
103,sm8-17_cation->neut,6.58,7.267826,7.180575,7.8521566,7.2372637,7.321299,6.9920397,7.8320885,6.8918667,7.6214485,7.128047,7.5181417,7.971671,7.6047697,7.3188896,7.448527,6.9001822,7.0039816,7.6644163,7.6183844,6.8343124,7.7090487,7.3863525,7.366278,6.944307,7.4274073,7.5655155,7.462734,7.0812426,6.73287,6.8540893,7.300571997857863,0.3510424027633403
104,sm8-18_cation->neut,2.72,2.1486068,1.9691272,2.3839974,1.3489428,1.827898,2.5831616,1.9055586,1.5845327,1.9295466,1.3523035,1.8623714,1.7809114,1.6606572,2.2652957,1.4738636,1.9054923,1.3449864,2.026907,1.2061558,2.411515,2.046231,2.4435837,1.8179064,2.4949746,1.7560184,2.3786612,1.7839549,1.771761,2.4958339,1.2620802,1.9336398792266845,0.41303763645204045
105,sm8-19_cation->neut,4.93,7.106771,4.779348,4.8665767,5.3852654,4.9093094,5.479067,4.280606,6.8696957,4.186348,4.664655,4.9274435,4.4291506,4.567177,5.75954,4.7395635,7.3771706,4.95801,4.9768753,4.567071,5.247319,5.4762826,3.9118652,5.248065,4.4568677,5.2151484,5.0889606,4.553719,4.9812374,5.7577477,6.0186915,5.1521144430099,0.7964554913711959
106,sm8-19_neut->an,6.99,6.69101,7.0909595,7.4717517,7.390497,7.6551447,6.5521383,7.149008,6.3848033,7.327159,7.375268,6.748399,7.1574206,6.990468,6.732661,6.8895206,6.89991,7.2624264,6.995048,7.669689,6.823078,6.7600503,6.9356074,6.7726445,7.244416,6.8195286,6.275164,6.8481097,6.166154,7.137619,6.5134187,6.958679760348413,0.3654430646956625
107,sm8-20_cation->neut,2.44,2.592693,2.6489098,2.6141634,0.960773,2.7456503,2.757281,2.107226,2.7419188,2.7204306,1.3498993,2.3701394,2.6759527,2.5431848,2.881874,2.0432296,3.4335213,1.6895394,3.2868063,2.4047756,2.46404,2.5500116,3.0274763,2.292018,2.7505715,2.582526,3.244059,1.3455181,2.766833,1.3488307,1.4778352,2.414764125577865,0.6006768339460793
108,sm8-20_neut->an,11.44,13.496614,13.182778,12.581564,13.0498705,13.502033,13.036015,12.492292,13.328978,11.625379,12.525557,12.627945,13.013598,11.830879,12.468556,12.331881,13.658729,12.927599,12.026995,13.030413,12.976858,12.314924,12.539839,13.184025,12.489527,11.756415,12.495443,12.545596,12.394784,13.1142435,11.580295,12.631278205379363,0.5794940264513179
109,sm8-21_cation->neut,5.38,6.169223,5.5845785,5.479539,5.0577803,5.5902357,5.745601,5.409171,5.7747984,5.6393375,5.0649643,5.586028,5.151191,5.026937,5.749152,5.5787015,6.3537245,5.180932,6.5626087,5.4661474,5.6530414,5.4117403,6.2699537,5.313271,5.19926,5.6423736,5.3964615,5.761851,4.3265963,5.871707,4.993807,5.528732711422828,0.4400490403430607
110,sm8-22_cation->neut,2.57,2.9999204,2.4900866,2.563221,2.7947552,2.351448,3.0443058,2.2578454,2.7288067,3.0422502,2.8327322,2.599337,2.5940392,1.7766142,2.823099,2.4623928,2.7543488,2.3369071,3.1024303,2.7566106,2.880698,2.2029748,3.4061801,2.6222415,2.7083023,2.2317,2.9379842,3.5453167,3.003651,3.211978,3.1055357,2.733474602853098,0.370453946531488
111,sm8-23_cation->neut,2.65,3.1332502,2.8253608,2.202063,2.5261912,2.744331,2.9541435,2.449391,2.9513931,3.1012006,2.3963833,2.726747,2.9025898,2.4307382,3.1579032,2.6551423,2.614338,2.3067446,3.2398515,2.7426815,2.9000716,3.0750926,2.755617,2.6123028,3.085868,2.6215012,3.3308074,1.8316798,3.5279527,1.9101377,1.7403288,2.7129613860960933,0.4186992617391925
112,sm8-23_neut->an,9.02,10.317392,9.352815,9.794062,10.501472,9.405626,10.228272,9.147277,10.618895,9.750702,9.782173,9.601488,8.777147,8.965323,10.052031,9.293877,10.598426,9.985842,9.434956,8.960458,9.561142,9.0630455,9.786784,9.226005,9.464608,9.600631,10.094505,8.913658,9.7736435,8.983686,8.864988,9.57809452918268,0.5263320197180319
